Date,Close,Buy,Sell,Signal
2016-01-20,0.687,0,0,0
2016-01-21,0.695,0,0,0
2016-01-22,0.7113,0,0,0
2016-01-25,0.7105,0,0,0
2016-01-26,0.7175,0,0,0
2016-01-27,0.709,0,0,0
2016-01-28,0.7013,0,0,0
2016-01-29,0.7323,0,0,0
2016-02-01,0.7325,0,0,0
2016-02-02,0.7015,0,0,0
2016-02-03,0.705,0,0,0
2016-02-04,0.7053,0,0,0
2016-02-05,0.6608,0,0,0
2016-02-08,0.6305,0,0,0
2016-02-09,0.6372,0,0,0
2016-02-10,0.6358,0,0,0
2016-02-11,0.6325,0,0,0
2016-02-12,0.6433,0,0,0
2016-02-16,0.6747,0,0,0
2016-02-17,0.6915,0,0,0
2016-02-18,0.751,0,0,0
2016-02-19,0.761,0,0,0
2016-02-22,0.788,0,0,0
2016-02-23,0.79,0,0,0
2016-02-24,0.7955,0,0,0
2016-02-25,0.7973,0,0,0
2016-02-26,0.792,0,0,0
2016-02-29,0.784,0,0,0
2016-03-01,0.8188,0,0,0
2016-03-02,0.8235,0,0,0
2016-03-03,0.8163,0,0,0
2016-03-04,0.8137,0,0,0
2016-03-07,0.8085,0,0,0
2016-03-08,0.7938,0,0,0
2016-03-09,0.7933,0,0,0
2016-03-10,0.792,0,0,0
2016-03-11,0.8055,0,0,0
2016-03-14,0.8075,0,0,0
2016-03-15,0.8035,0,0,0
2016-03-16,0.8275,0,0,0
2016-03-17,0.8205,0,0,0
2016-03-18,0.8453,0,0,0
2016-03-21,0.8478,0,0,0
2016-03-22,0.8463,0,0,0
2016-03-23,0.8608,0,0,0
2016-03-24,0.862,0,0,0
2016-03-28,0.8708,0,0,0
2016-03-29,0.8848,0,0,0
2016-03-30,0.894,0,0,0
2016-03-31,0.8908,0,0,0
2016-04-01,0.9038,0,0,0
2016-04-04,0.895,0,0,0
2016-04-05,0.8938,0,0,0
2016-04-06,0.895,0,0,0
2016-04-07,0.8858,0,0,0
2016-04-08,0.8915,0,0,0
2016-04-11,0.897,0,0,0
2016-04-12,0.896,0,0,0
2016-04-13,0.9185,0,0,0
2016-04-14,0.921,0,0,0
2016-04-15,0.9283,0,0,0
2016-04-18,0.9243,0,0,0
2016-04-19,0.9078,0,0,0
2016-04-20,0.9113,0,0,0
2016-04-21,0.9103,0,0,0
2016-04-22,0.9068,0,0,0
2016-04-25,0.9113,0,0,0
2016-04-26,0.912,0,0,0
2016-04-27,0.9328,0,0,0
2016-04-28,0.905,0,0,0
2016-04-29,0.8883,0,0,0
2016-05-02,0.9,0,0,0
2016-05-03,0.8893,0,0,0
2016-05-04,0.869,0,0,0
2016-05-05,0.8742,0,0,0
2016-05-06,0.8832,0,0,0
2016-05-09,0.882,1,0,1
2016-05-10,0.899,0,0,0
2016-05-11,0.9015,0,0,0
2016-05-12,0.8893,0,0,0
2016-05-13,1.0245,0,1,-1
2016-05-16,1.0548,0,0,0
2016-05-17,1.057,0,0,0
2016-05-18,1.084,0,0,0
2016-05-19,1.0887,0,0,0
2016-05-20,1.1083,0,0,0
2016-05-23,1.11,0,0,0
2016-05-24,1.134,0,0,0
2016-05-25,1.1293,0,0,0
2016-05-26,1.1413,0,0,0
2016-05-27,1.1475,0,0,0
2016-05-31,1.168,0,0,0
2016-06-01,1.1703,0,0,0
2016-06-02,1.1785,0,0,0
2016-06-03,1.162,0,0,0
2016-06-06,1.156,1,0,1
2016-06-07,1.1583,0,0,0
2016-06-08,1.1545,0,0,0
2016-06-09,1.1845,0,0,0
2016-06-10,1.155,0,0,0
2016-06-13,1.1698,0,0,0
2016-06-14,1.172,0,0,0
2016-06-15,1.184,0,0,0
2016-06-16,1.1888,0,0,0
2016-06-17,1.168,0,0,0
2016-06-20,1.189,0,0,0
2016-06-21,1.1818,0,0,0
2016-06-22,1.1808,0,0,0
2016-06-23,1.2123,0,1,-1
2016-06-24,1.1432,1,0,1
2016-06-27,1.131,0,0,0
2016-06-28,1.1475,0,0,0
2016-06-29,1.1663,0,0,0
2016-06-30,1.1752,0,0,0
2016-07-01,1.1665,0,0,0
2016-07-05,1.1838,0,0,0
2016-07-06,1.1912,0,0,0
2016-07-07,1.2223,0,1,-1
2016-07-08,1.2713,0,0,0
2016-07-11,1.3005,0,0,0
2016-07-12,1.32,0,0,0
2016-07-13,1.3195,0,0,0
2016-07-14,1.333,0,0,0
2016-07-15,1.3175,1,0,1
2016-07-18,1.3243,0,0,0
2016-07-19,1.338,0,0,0
2016-07-20,1.3555,0,0,0
2016-07-21,1.3305,0,0,0
2016-07-22,1.3668,0,0,0
2016-07-25,1.392,0,0,0
2016-07-26,1.4158,0,0,0
2016-07-27,1.4015,0,0,0
2016-07-28,1.4045,0,0,0
2016-07-29,1.4275,0,0,0
2016-08-01,1.4183,0,0,0
2016-08-02,1.401,0,0,0
2016-08-03,1.4047,0,0,0
2016-08-04,1.4308,0,0,0
2016-08-05,1.455,0,1,-1
2016-08-08,1.4685,0,0,0
2016-08-09,1.4723,0,0,0
2016-08-10,1.4628,1,0,1
2016-08-11,1.4925,0,0,0
2016-08-12,1.576,0,1,-1
2016-08-15,1.5745,0,0,0
2016-08-16,1.565,1,0,1
2016-08-17,1.5288,0,0,0
2016-08-18,1.5525,0,0,0
2016-08-19,1.5565,0,0,0
2016-08-22,1.563,0,0,0
2016-08-23,1.5728,0,0,0
2016-08-24,1.5485,0,0,0
2016-08-25,1.5383,0,0,0
2016-08-26,1.5508,0,0,0
2016-08-29,1.5498,0,0,0
2016-08-30,1.5408,0,0,0
2016-08-31,1.5335,0,0,0
2016-09-01,1.5788,0,1,-1
2016-09-02,1.5633,1,0,1
2016-09-06,1.578,0,0,0
2016-09-07,1.5548,0,0,0
2016-09-08,1.566,0,0,0
2016-09-09,1.488,0,0,0
2016-09-12,1.5188,0,0,0
2016-09-13,1.4968,0,0,0
2016-09-14,1.51,0,0,0
2016-09-15,1.5673,0,1,-1
2016-09-16,1.571,0,0,0
2016-09-19,1.5918,0,0,0
2016-09-20,1.5773,0,0,0
2016-09-21,1.6215,0,0,0
2016-09-22,1.6255,0,0,0
2016-09-23,1.6238,0,0,0
2016-09-26,1.6085,0,0,0
2016-09-27,1.6635,0,0,0
2016-09-28,1.6695,0,0,0
2016-09-29,1.685,0,0,0
2016-09-30,1.713,0,0,0
2016-10-03,1.7113,0,0,0
2016-10-04,1.7075,0,0,0
2016-10-05,1.7058,0,0,0
2016-10-06,1.6835,1,0,1
2016-10-07,1.6712,0,0,0
2016-10-10,1.6775,0,0,0
2016-10-11,1.6532,0,0,0
2016-10-12,1.6608,0,0,0
2016-10-13,1.6338,0,0,0
2016-10-14,1.6498,0,0,0
2016-10-17,1.6403,0,0,0
2016-10-18,1.6653,0,0,0
2016-10-19,1.6618,0,0,0
2016-10-20,1.6933,0,0,0
2016-10-21,1.6885,0,0,0
2016-10-24,1.7677,0,1,-1
2016-10-25,1.7968,0,0,0
2016-10-26,1.804,0,0,0
2016-10-27,1.767,1,0,1
2016-10-28,1.764,0,0,0
2016-10-31,1.779,0,0,0
2016-11-01,1.7263,0,0,0
2016-11-02,1.719,0,0,0
2016-11-03,1.699,0,0,0
2016-11-04,1.6892,0,0,0
2016-11-07,1.7817,0,1,-1
2016-11-08,1.779,0,0,0
2016-11-09,1.749,1,0,1
2016-11-10,1.6943,0,0,0
2016-11-11,2.1993,0,1,-1
2016-11-14,2.091,1,0,1
2016-11-15,2.1547,0,0,0
2016-11-16,2.2908,0,0,0
2016-11-17,2.3098,0,0,0
2016-11-18,2.334,0,0,0
2016-11-21,2.3245,0,0,0
2016-11-22,2.3413,0,0,0
2016-11-23,2.3493,0,0,0
2016-11-25,2.354,0,0,0
2016-11-28,2.3527,0,0,0
2016-11-29,2.3313,0,0,0
2016-11-30,2.305,0,0,0
2016-12-01,2.191,0,0,0
2016-12-02,2.2113,0,0,0
2016-12-05,2.297,0,0,0
2016-12-06,2.3348,0,1,-1
2016-12-07,2.3767,0,0,0
2016-12-08,2.337,0,0,0
2016-12-09,2.2955,0,0,0
2016-12-12,2.2398,0,0,0
2016-12-13,2.2793,0,0,0
2016-12-14,2.4113,0,0,0
2016-12-15,2.4678,0,0,0
2016-12-16,2.5103,0,0,0
2016-12-19,2.5408,0,0,0
2016-12-20,2.6293,0,0,0
2016-12-21,2.6458,0,0,0
2016-12-22,2.6778,0,0,0
2016-12-23,2.7445,0,0,0
2016-12-27,2.933,0,0,0
2016-12-28,2.7313,1,0,1
2016-12-29,2.7858,0,0,0
2016-12-30,2.6685,0,0,0
2017-01-03,2.5503,0,0,0
2017-01-04,2.6098,0,0,0
2017-01-05,2.5435,0,0,0
2017-01-06,2.5775,0,0,0
2017-01-09,2.682,0,0,0
2017-01-10,2.6618,0,0,0
2017-01-11,2.629,0,0,0
2017-01-12,2.586,0,0,0
2017-01-13,2.5858,0,0,0
2017-01-17,2.5278,0,0,0
2017-01-18,2.5738,0,0,0
2017-01-19,2.629,0,0,0
2017-01-20,2.6003,0,1,-1
2017-01-23,2.6273,0,0,0
2017-01-24,2.6833,0,0,0
2017-01-25,2.6948,0,0,0
2017-01-26,2.7413,0,0,0
2017-01-27,2.7942,0,0,0
2017-01-30,2.7505,0,0,0
2017-01-31,2.7295,0,0,0
2017-02-01,2.8488,0,0,0
2017-02-02,2.8848,0,0,0
2017-02-03,2.8595,0,0,0
2017-02-06,2.9328,0,0,0
2017-02-07,2.9783,0,0,0
2017-02-08,2.9653,0,0,0
2017-02-09,2.9095,1,0,1
2017-02-10,2.8405,0,0,0
2017-02-13,2.7095,0,0,0
2017-02-14,2.7195,0,0,0
2017-02-15,2.725,0,0,0
2017-02-16,2.6813,0,0,0
2017-02-17,2.6808,0,0,0
2017-02-21,2.7767,0,1,-1
2017-02-22,2.769,0,0,0
2017-02-23,2.5122,1,0,1
2017-02-24,2.5365,0,0,0
2017-02-27,2.6103,0,0,0
2017-02-28,2.537,0,0,0
2017-03-01,2.5698,0,0,0
2017-03-02,2.475,0,0,0
2017-03-03,2.4608,0,0,0
2017-03-06,2.4418,0,0,0
2017-03-07,2.4685,0,0,0
2017-03-08,2.464,0,0,0
2017-03-09,2.4635,0,0,0
2017-03-10,2.478,0,0,0
2017-03-13,2.5463,0,0,0
2017-03-14,2.5445,0,0,0
2017-03-15,2.5638,0,0,0
2017-03-16,2.5953,0,1,-1
2017-03-17,2.6517,0,0,0
2017-03-20,2.7363,0,0,0
2017-03-21,2.6478,1,0,1
2017-03-22,2.7018,0,0,0
2017-03-23,2.6773,0,0,0
2017-03-24,2.6868,0,0,0
2017-03-27,2.7063,0,0,0
2017-03-28,2.6923,0,0,0
2017-03-29,2.6835,0,0,0
2017-03-30,2.735,0,0,0
2017-03-31,2.7233,0,0,0
2017-04-03,2.7095,0,0,0
2017-04-04,2.5195,0,0,0
2017-04-05,2.5008,0,0,0
2017-04-06,2.519,0,0,0
2017-04-07,2.5083,0,0,0
2017-04-10,2.4443,0,0,0
2017-04-11,2.453,0,1,-1
2017-04-12,2.4328,0,0,0
2017-04-13,2.3872,1,0,1
2017-04-17,2.4808,0,0,0
2017-04-18,2.4823,0,0,0
2017-04-19,2.492,0,0,0
2017-04-20,2.5315,0,0,0
2017-04-21,2.542,0,0,0
2017-04-24,2.5738,0,0,0
2017-04-25,2.6185,0,0,0
2017-04-26,2.6005,0,0,0
2017-04-27,2.641,0,0,0
2017-04-28,2.6075,0,0,0
2017-05-01,2.666,0,0,0
2017-05-02,2.587,0,0,0
2017-05-03,2.6063,0,0,0
2017-05-04,2.5962,0,0,0
2017-05-05,2.5965,0,1,-1
2017-05-08,2.5693,0,0,0
2017-05-09,2.5735,0,0,0
2017-05-10,3.0323,0,0,0
2017-05-11,3.1625,0,0,0
2017-05-12,3.1973,0,0,0
2017-05-15,3.3578,0,0,0
2017-05-16,3.4203,0,0,0
2017-05-17,3.193,1,0,1
2017-05-18,3.3268,0,0,0
2017-05-19,3.4,0,0,0
2017-05-22,3.4725,0,0,0
2017-05-23,3.4258,0,0,0
2017-05-24,3.4642,0,0,0
2017-05-25,3.4565,0,0,0
2017-05-26,3.546,0,0,0
2017-05-30,3.6218,0,0,0
2017-05-31,3.6088,0,0,0
2017-06-01,3.609,0,0,0
2017-06-02,3.591,0,0,0
2017-06-05,3.7003,0,0,0
2017-06-06,3.6835,0,0,0
2017-06-07,3.728,0,0,0
2017-06-08,3.9985,0,1,-1
2017-06-09,3.74,1,0,1
2017-06-12,3.7493,0,0,0
2017-06-13,3.785,0,0,0
2017-06-14,3.793,0,0,0
2017-06-15,3.8093,0,0,0
2017-06-16,3.7905,0,0,0
2017-06-19,3.933,0,0,0
2017-06-20,3.9273,0,0,0
2017-06-21,3.9868,0,0,0
2017-06-22,3.9593,0,0,0
2017-06-23,3.8458,0,0,0
2017-06-26,3.8038,0,0,0
2017-06-27,3.6645,0,0,0
2017-06-28,3.7938,0,0,0
2017-06-29,3.667,0,0,0
2017-06-30,3.614,0,1,-1
2017-07-03,3.4833,1,0,1
2017-07-05,3.5763,0,0,0
2017-07-06,3.587,0,0,0
2017-07-07,3.669,0,0,0
2017-07-10,3.8425,0,1,-1
2017-07-11,3.897,0,0,0
2017-07-12,4.0628,0,0,0
2017-07-13,4.0157,0,0,0
2017-07-14,4.1238,0,0,0
2017-07-17,4.1063,0,0,0
2017-07-18,4.149,0,0,0
2017-07-19,4.1275,0,0,0
2017-07-20,4.1875,0,0,0
2017-07-21,4.2025,0,0,0
2017-07-24,4.1538,0,0,0
2017-07-25,4.1338,0,0,0
2017-07-26,4.1815,0,0,0
2017-07-27,4.0435,1,0,1
2017-07-28,4.1098,0,0,0
2017-07-31,4.0628,0,0,0
2017-08-01,4.1123,0,0,0
2017-08-02,4.1098,0,0,0
2017-08-03,4.162,0,0,0
2017-08-04,4.1803,0,0,0
2017-08-07,4.3087,0,0,0
2017-08-08,4.2575,0,0,0
2017-08-09,4.3028,0,0,0
2017-08-10,4.1185,0,0,0
2017-08-11,3.899,0,0,0
2017-08-14,4.21,0,1,-1
2017-08-15,4.1745,0,0,0
2017-08-16,4.1288,0,0,0
2017-08-17,4.0368,1,0,1
2017-08-18,4.0375,0,0,0
2017-08-21,3.9788,0,0,0
2017-08-22,4.0638,0,0,0
2017-08-23,4.145,0,0,0
2017-08-24,4.1298,0,0,0
2017-08-25,4.0953,0,0,0
2017-08-28,4.1243,0,0,0
2017-08-29,4.1175,0,0,0
2017-08-30,4.142,0,0,0
2017-08-31,4.236,0,0,0
2017-09-01,4.2615,0,0,0
2017-09-05,4.1478,0,0,0
2017-09-06,4.1452,0,0,0
2017-09-07,4.1645,0,0,0
2017-09-08,4.0922,0,1,-1
2017-09-11,4.225,0,0,0
2017-09-12,4.2403,0,0,0
2017-09-13,4.2593,0,0,0
2017-09-14,4.235,0,0,0
2017-09-15,4.5028,0,0,0
2017-09-18,4.6888,0,0,0
2017-09-19,4.6837,0,0,0
2017-09-20,4.646,0,0,0
2017-09-21,4.519,1,0,1
2017-09-22,4.475,0,0,0
2017-09-25,4.275,0,0,0
2017-09-26,4.299,0,0,0
2017-09-27,4.3933,0,0,0
2017-09-28,4.392,0,0,0
2017-09-29,4.4693,0,0,0
2017-10-02,4.475,0,0,0
2017-10-03,4.4843,0,0,0
2017-10-04,4.5217,0,0,0
2017-10-05,4.5193,0,0,0
2017-10-06,4.5325,0,0,0
2017-10-09,4.6347,0,0,0
2017-10-10,4.7233,0,0,0
2017-10-11,4.7735,0,0,0
2017-10-12,4.7758,0,1,-1
2017-10-13,4.8648,0,0,0
2017-10-16,4.9483,0,0,0
2017-10-17,4.9438,0,0,0
2017-10-18,4.9395,0,0,0
2017-10-19,4.945,0,0,0
2017-10-20,4.9225,0,0,0
2017-10-23,4.9155,0,0,0
2017-10-24,4.967,0,0,0
2017-10-25,4.8415,1,0,1
2017-10-26,4.8923,0,0,0
2017-10-27,5.0465,0,1,-1
2017-10-30,5.096,0,0,0
2017-10-31,5.1703,0,0,0
2017-11-01,5.18,0,0,0
2017-11-02,5.1485,1,0,1
2017-11-03,5.2172,0,0,0
2017-11-06,5.2408,0,0,0
2017-11-07,5.3008,0,0,0
2017-11-08,5.229,0,0,0
2017-11-09,5.133,0,0,0
2017-11-10,5.4035,0,1,-1
2017-11-13,5.3158,1,0,1
2017-11-14,5.3545,0,0,0
2017-11-15,5.2495,0,0,0
2017-11-16,5.2903,0,0,0
2017-11-17,5.284,0,0,0
2017-11-20,5.352,0,0,0
2017-11-21,5.4013,0,0,0
2017-11-22,5.3733,0,0,0
2017-11-24,5.424,0,0,0
2017-11-27,5.3535,0,0,0
2017-11-28,5.2678,0,0,0
2017-11-29,4.9105,0,0,0
2017-11-30,5.0178,0,0,0
2017-12-01,4.942,0,0,0
2017-12-04,4.6665,0,0,0
2017-12-05,4.6935,0,1,-1
2017-12-06,4.7315,0,0,0
2017-12-07,4.7998,0,0,0
2017-12-08,4.7873,0,0,0
2017-12-11,4.8665,0,0,0
2017-12-12,4.771,0,0,0
2017-12-13,4.6545,1,0,1
2017-12-14,4.6618,0,0,0
2017-12-15,4.789,0,1,-1
2017-12-18,4.9475,0,0,0
2017-12-19,4.9028,0,0,0
2017-12-20,4.92,0,0,0
2017-12-21,4.8972,0,0,0
2017-12-22,4.8818,0,0,0
2017-12-26,4.936,0,0,0
2017-12-27,4.9292,0,0,0
2017-12-28,4.935,0,0,0
2017-12-29,4.8375,1,0,1
2018-01-02,4.9838,0,0,0
2018-01-03,5.3118,0,1,-1
2018-01-04,5.3398,0,0,0
2018-01-05,5.385,0,0,0
2018-01-08,5.55,0,0,0
2018-01-09,5.5485,0,0,0
2018-01-10,5.592,0,0,0
2018-01-11,5.602,0,0,0
2018-01-12,5.5745,0,0,0
2018-01-16,5.5028,1,0,1
2018-01-17,5.618,0,0,0
2018-01-18,5.611,0,0,0
2018-01-19,5.7528,0,0,0
2018-01-22,5.8422,0,0,0
2018-01-23,5.9728,0,0,0
2018-01-24,5.895,0,0,0
2018-01-25,5.9088,0,0,0
2018-01-26,6.0833,0,0,0
2018-01-29,6.1713,0,0,0
2018-01-30,6.068,0,0,0
2018-01-31,6.145,0,0,0
2018-02-01,6.0125,0,0,0
2018-02-02,5.838,0,0,0
2018-02-05,5.3425,0,0,0
2018-02-06,5.6395,0,1,-1
2018-02-07,5.72,0,0,0
2018-02-08,5.438,1,0,1
2018-02-09,5.802,0,0,0
2018-02-12,5.7008,0,0,0
2018-02-13,5.8158,0,0,0
2018-02-14,6.0355,0,0,0
2018-02-15,6.1625,0,0,0
2018-02-16,6.096,0,0,0
2018-02-20,6.227,0,0,0
2018-02-21,6.0378,0,0,0
2018-02-22,6.0538,0,0,0
2018-02-23,6.1483,0,0,0
2018-02-26,6.1645,0,0,0
2018-02-27,6.1515,0,0,0
2018-02-28,6.05,0,0,0
2018-03-01,5.8053,0,0,0
2018-03-02,5.9135,0,1,-1
2018-03-05,5.8913,0,0,0
2018-03-06,6.054,0,0,0
2018-03-07,6.046,0,0,0
2018-03-08,6.0295,0,0,0
2018-03-09,6.1333,0,0,0
2018-03-12,6.244,0,0,0
2018-03-13,6.1928,0,0,0
2018-03-14,6.2185,0,0,0
2018-03-15,6.2335,0,0,0
2018-03-16,6.262,0,0,0
2018-03-19,6.025,1,0,1
2018-03-20,6.2395,0,0,0
2018-03-21,6.214,0,0,0
2018-03-22,6.0463,0,0,0
2018-03-23,5.8243,0,0,0
2018-03-26,6.112,0,1,-1
2018-03-27,5.638,1,0,1
2018-03-28,5.5338,0,0,0
2018-03-29,5.7898,0,1,-1
2018-04-02,5.5263,1,0,1
2018-04-03,5.6338,0,0,0
2018-04-04,5.656,0,0,0
2018-04-05,5.5345,0,0,0
2018-04-06,5.3563,0,0,0
2018-04-09,5.3853,0,0,0
2018-04-10,5.6978,0,1,-1
2018-04-11,5.656,0,0,0
2018-04-12,5.865,0,0,0
2018-04-13,5.7875,0,0,0
2018-04-16,5.7873,0,0,0
2018-04-17,5.9385,0,0,0
2018-04-18,5.9093,0,0,0
2018-04-19,5.726,1,0,1
2018-04-20,5.7178,0,0,0
2018-04-23,5.597,0,0,0
2018-04-24,5.53,0,0,0
2018-04-25,5.4165,0,0,0
2018-04-26,5.6305,0,1,-1
2018-04-27,5.6583,0,0,0
2018-04-30,5.6225,0,0,0
2018-05-01,5.6785,0,0,0
2018-05-02,5.6578,0,0,0
2018-05-03,5.8248,0,0,0
2018-05-04,5.9765,0,0,0
2018-05-07,6.217,0,0,0
2018-05-08,6.26,0,0,0
2018-05-09,6.3945,0,0,0
2018-05-10,6.5033,0,0,0
2018-05-11,6.3633,1,0,1
2018-05-14,6.384,0,0,0
2018-05-15,6.139,0,0,0
2018-05-16,6.1502,0,0,0
2018-05-17,6.1928,0,0,0
2018-05-18,6.1485,0,0,0
2018-05-21,6.106,0,0,0
2018-05-22,6.0675,0,0,0
2018-05-23,6.1885,0,0,0
2018-05-24,6.1923,0,0,0
2018-05-25,6.232,0,0,0
2018-05-29,6.2148,0,0,0
2018-05-30,6.3248,0,0,0
2018-05-31,6.3048,0,0,0
2018-06-01,6.4405,0,0,0
2018-06-04,6.6213,0,1,-1
2018-06-05,6.6268,0,0,0
2018-06-06,6.6288,0,0,0
2018-06-07,6.5725,1,0,1
2018-06-08,6.557,0,0,0
2018-06-11,6.5155,0,0,0
2018-06-12,6.5645,0,0,0
2018-06-13,6.56,0,0,0
2018-06-14,6.6728,0,0,0
2018-06-15,6.6315,0,0,0
2018-06-18,6.6273,0,0,0
2018-06-19,6.5043,0,0,0
2018-06-20,6.5578,0,0,0
2018-06-21,6.4278,0,0,0
2018-06-22,6.2737,0,0,0
2018-06-25,5.978,0,0,0
2018-06-26,6.0498,0,0,0
2018-06-27,5.893,0,0,0
2018-06-28,6.0215,0,1,-1
2018-06-29,5.9225,1,0,1
2018-07-02,6.056,0,0,0
2018-07-03,5.921,0,0,0
2018-07-05,6.0682,0,1,-1
2018-07-06,6.1833,0,0,0
2018-07-09,6.2313,0,0,0
2018-07-10,6.3313,0,0,0
2018-07-11,6.1883,1,0,1
2018-07-12,6.2808,0,0,0
2018-07-13,6.233,0,0,0
2018-07-16,6.205,0,0,0
2018-07-17,6.3422,0,1,-1
2018-07-18,6.2925,0,0,0
2018-07-19,6.3008,0,0,0
2018-07-20,6.2722,0,0,0
2018-07-23,6.2353,0,0,0
2018-07-24,6.2178,0,0,0
2018-07-25,6.2968,0,0,0
2018-07-26,6.371,0,0,0
2018-07-27,6.3005,0,0,0
2018-07-30,6.1033,1,0,1
2018-07-31,6.1215,0,0,0
2018-08-01,6.1618,0,0,0
2018-08-02,6.2655,0,0,0
2018-08-03,6.3025,0,0,0
2018-08-06,6.3508,0,0,0
2018-08-07,6.4238,0,0,0
2018-08-08,6.4605,0,0,0
2018-08-09,6.4115,0,0,0
2018-08-10,6.3697,0,0,0
2018-08-13,6.403,0,0,0
2018-08-14,6.5358,0,1,-1
2018-08-15,6.477,1,0,1
2018-08-16,6.436,0,0,0
2018-08-17,6.1205,0,0,0
2018-08-20,6.196,0,0,0
2018-08-21,6.333,0,1,-1
2018-08-22,6.5705,0,0,0
2018-08-23,6.671,0,0,0
2018-08-24,6.8055,0,0,0
2018-08-27,6.8975,0,0,0
2018-08-28,6.8595,0,0,0
2018-08-29,6.9623,0,0,0
2018-08-30,6.9453,0,0,0
2018-08-31,7.017,0,0,0
2018-09-04,7.0925,0,0,0
2018-09-05,6.9605,1,0,1
2018-09-06,6.818,0,0,0
2018-09-07,6.7965,0,0,0
2018-09-10,6.8683,0,0,0
2018-09-11,6.82,0,0,0
2018-09-12,6.705,0,0,0
2018-09-13,6.7835,0,0,0
2018-09-14,6.9108,0,0,0
2018-09-17,6.8483,0,0,0
2018-09-18,6.7755,0,0,0
2018-09-19,6.7995,0,0,0
2018-09-20,6.657,0,0,0
2018-09-21,6.5862,0,0,0
2018-09-24,6.6425,0,0,0
2018-09-25,6.7103,0,0,0
2018-09-26,6.673,0,1,-1
2018-09-27,6.685,0,0,0
2018-09-28,7.0255,0,0,0
2018-10-01,7.234,0,0,0
2018-10-02,7.162,1,0,1
2018-10-03,7.1683,0,0,0
2018-10-04,6.9823,0,0,0
2018-10-05,6.7465,0,0,0
2018-10-08,6.6442,0,0,0
2018-10-09,6.6385,0,0,0
2018-10-10,6.1423,0,1,-1
2018-10-11,5.8783,1,0,1
2018-10-12,6.1635,0,0,0
2018-10-15,5.8845,0,0,0
2018-10-16,6.1458,0,1,-1
2018-10-17,6.0765,0,0,0
2018-10-18,5.9883,0,0,0
2018-10-19,5.7293,1,0,1
2018-10-22,5.7805,0,0,0
2018-10-23,5.5265,0,0,0
2018-10-24,4.9853,0,1,-1
2018-10-25,5.196,0,0,0
2018-10-26,4.9573,1,0,1
2018-10-29,4.6405,0,0,0
2018-10-30,5.075,0,1,-1
2018-10-31,5.2708,0,0,0
2018-11-01,5.4528,0,0,0
2018-11-02,5.373,0,0,0
2018-11-05,5.2943,0,0,0
2018-11-06,5.2765,0,0,0
2018-11-07,5.3448,0,0,0
2018-11-08,5.1498,0,0,0
2018-11-09,5.1418,0,0,0
2018-11-12,4.7385,1,0,1
2018-11-13,4.9828,0,0,0
2018-11-14,4.9298,0,0,0
2018-11-15,5.0598,0,0,0
2018-11-16,4.1108,0,1,-1
2018-11-19,3.6175,1,0,1
2018-11-20,3.727,0,0,0
2018-11-21,3.6178,0,0,0
2018-11-23,3.625,0,0,0
2018-11-26,3.8263,0,0,0
2018-11-27,3.8432,0,0,0
2018-11-28,4.0018,0,0,0
2018-11-29,3.934,0,0,0
2018-11-30,4.0858,0,0,0
2018-12-03,4.251,0,0,0
2018-12-04,3.9278,0,0,0
2018-12-06,3.9573,0,0,0
2018-12-07,3.6903,0,0,0
2018-12-10,3.7965,0,0,0
2018-12-11,3.7048,0,0,0
2018-12-12,3.7225,0,1,-1
2018-12-13,3.7222,0,0,0
2018-12-14,3.6612,0,0,0
2018-12-17,3.5895,0,0,0
2018-12-18,3.6735,0,0,0
2018-12-19,3.4627,1,0,1
2018-12-20,3.3775,0,0,0
2018-12-21,3.2393,0,0,0
2018-12-24,3.177,0,0,0
2018-12-26,3.3275,0,0,0
2018-12-27,3.2792,0,0,0
2018-12-28,3.3413,0,0,0
2018-12-31,3.3375,0,0,0
2019-01-02,3.4055,0,0,0
2019-01-03,3.1997,0,0,0
2019-01-04,3.4047,0,1,-1
2019-01-07,3.585,0,0,0
2019-01-08,3.4958,0,0,0
2019-01-09,3.5645,0,0,0
2019-01-10,3.6307,0,0,0
2019-01-11,3.7208,0,0,0
2019-01-14,3.761,0,0,0
2019-01-15,3.7468,0,0,0
2019-01-16,3.721,0,0,0
2019-01-17,3.793,0,0,0
2019-01-18,3.9233,0,0,0
2019-01-22,3.7193,1,0,1
2019-01-23,3.7323,0,0,0
2019-01-24,3.946,0,1,-1
2019-01-25,4.0038,0,0,0
2019-01-28,3.4503,1,0,1
2019-01-29,3.29,0,0,0
2019-01-30,3.4347,0,0,0
2019-01-31,3.5938,0,0,0
2019-02-01,3.6182,0,0,0
2019-02-04,3.7295,0,0,0
2019-02-05,3.7487,0,0,0
2019-02-06,3.825,0,0,0
2019-02-07,3.6855,0,0,0
2019-02-08,3.7043,0,0,0
2019-02-11,3.6612,0,0,0
2019-02-12,3.7792,0,0,0
2019-02-13,3.822,0,0,0
2019-02-14,3.8633,0,0,0
2019-02-15,3.9335,0,0,0
2019-02-19,3.916,0,1,-1
2019-02-20,3.9638,0,0,0
2019-02-21,3.8943,0,0,0
2019-02-22,3.9798,0,0,0
2019-02-25,3.9672,0,0,0
2019-02-26,3.9275,0,0,0
2019-02-27,3.8853,0,0,0
2019-02-28,3.8565,0,0,0
2019-03-01,3.9112,0,0,0
2019-03-04,3.9195,0,0,0
2019-03-05,3.913,0,0,0
2019-03-06,3.8013,1,0,1
2019-03-07,3.7315,0,0,0
2019-03-08,3.766,0,0,0
2019-03-11,4.0285,0,1,-1
2019-03-12,4.063,0,0,0
2019-03-13,4.2155,0,0,0
2019-03-14,4.139,1,0,1
2019-03-15,4.2453,0,0,0
2019-03-18,4.2237,0,0,0
2019-03-19,4.3928,0,1,-1
2019-03-20,4.36,0,0,0
2019-03-21,4.5985,0,0,0
2019-03-22,4.4375,1,0,1
2019-03-25,4.3445,0,0,0
2019-03-26,4.4218,0,0,0
2019-03-27,4.4125,0,0,0
2019-03-28,4.4313,0,0,0
2019-03-29,4.489,0,0,0
2019-04-01,4.557,0,0,0
2019-04-02,4.575,0,0,0
2019-04-03,4.7155,0,0,0
2019-04-04,4.7065,0,0,0
2019-04-05,4.7737,0,0,0
2019-04-08,4.7947,0,0,0
2019-04-09,4.7315,0,0,0
2019-04-10,4.8025,0,0,0
2019-04-11,4.7885,0,0,0
2019-04-12,4.7503,0,1,-1
2019-04-15,4.6175,1,0,1
2019-04-16,4.7053,0,0,0
2019-04-17,4.6822,0,0,0
2019-04-18,4.6575,0,0,0
2019-04-22,4.7118,0,0,0
2019-04-23,4.7668,0,0,0
2019-04-24,4.7793,0,0,0
2019-04-25,4.6727,0,0,0
2019-04-26,4.4523,0,0,0
2019-04-29,4.4833,0,0,0
2019-04-30,4.525,0,0,0
2019-05-01,4.5118,0,0,0
2019-05-02,4.5797,0,0,0
2019-05-03,4.5752,0,0,0
2019-05-06,4.4962,0,0,0
2019-05-07,4.3278,0,1,-1
2019-05-08,4.348,0,0,0
2019-05-09,4.2548,1,0,1
2019-05-10,4.2205,0,0,0
2019-05-13,3.9612,0,0,0
2019-05-14,4.051,0,1,-1
2019-05-15,3.9895,0,0,0
2019-05-16,4.0048,0,0,0
2019-05-17,3.9133,1,0,1
2019-05-20,3.7938,0,0,0
2019-05-21,3.8765,0,1,-1
2019-05-22,3.805,0,0,0
2019-05-23,3.683,1,0,1
2019-05-24,3.6288,0,0,0
2019-05-28,3.5833,0,0,0
2019-05-29,3.5085,0,0,0
2019-05-30,3.4778,0,0,0
2019-05-31,3.3865,0,0,0
2019-06-03,3.3445,0,0,0
2019-06-04,3.575,0,1,-1
2019-06-05,3.532,0,0,0
2019-06-06,3.5945,0,0,0
2019-06-07,3.6375,0,0,0
2019-06-10,3.7108,0,0,0
2019-06-11,3.7688,0,0,0
2019-06-12,3.655,1,0,1
2019-06-13,3.7065,0,0,0
2019-06-14,3.616,0,0,0
2019-06-17,3.6258,0,0,0
2019-06-18,3.822,0,1,-1
2019-06-19,3.828,0,0,0
2019-06-20,3.8525,0,0,0
2019-06-21,3.794,0,0,0
2019-06-24,3.8165,0,0,0
2019-06-25,3.787,0,0,0
2019-06-26,3.9815,0,0,0
2019-06-27,4.0808,0,0,0
2019-06-28,4.1057,0,0,0
2019-07-01,4.1543,0,0,0
2019-07-02,4.0557,1,0,1
2019-07-03,4.0688,0,0,0
2019-07-05,4.0057,0,0,0
2019-07-08,3.9303,0,0,0
2019-07-09,3.9328,0,0,0
2019-07-10,4.0015,0,0,0
2019-07-11,4.157,0,1,-1
2019-07-12,4.1903,0,0,0
2019-07-15,4.1818,0,0,0
2019-07-16,4.177,0,0,0
2019-07-17,4.2428,0,0,0
2019-07-18,4.2545,0,0,0
2019-07-19,4.211,0,0,0
2019-07-22,4.283,0,0,0
2019-07-23,4.3915,0,0,0
2019-07-24,4.4665,0,0,0
2019-07-25,4.3345,1,0,1
2019-07-26,4.3768,0,0,0
2019-07-29,4.3705,0,0,0
2019-07-30,4.3862,0,0,0
2019-07-31,4.218,0,0,0
2019-08-01,4.123,0,0,0
2019-08-02,4.0297,0,0,0
2019-08-05,3.7698,0,1,-1
2019-08-06,3.8087,0,0,0
2019-08-07,3.8472,0,0,0
2019-08-08,3.9565,0,0,0
2019-08-09,3.8545,1,0,1
2019-08-12,3.7862,0,0,0
2019-08-13,3.9013,0,1,-1
2019-08-14,3.7517,1,0,1
2019-08-15,3.7193,0,0,0
2019-08-16,3.989,0,1,-1
2019-08-19,4.2695,0,0,0
2019-08-20,4.1968,0,0,0
2019-08-21,4.2808,0,0,0
2019-08-22,4.287,0,0,0
2019-08-23,4.061,1,0,1
2019-08-26,4.1362,0,0,0
2019-08-27,4.045,0,0,0
2019-08-28,4.0305,0,0,0
2019-08-29,4.175,0,0,0
2019-08-30,4.1878,0,0,0
2019-09-03,4.1042,0,0,0
2019-09-04,4.219,0,0,0
2019-09-05,4.4935,0,1,-1
2019-09-06,4.4663,0,0,0
2019-09-09,4.5125,0,0,0
2019-09-10,4.5795,0,0,0
2019-09-11,4.6083,0,0,0
2019-09-12,4.6068,0,0,0
2019-09-13,4.5485,0,0,0
2019-09-16,4.5053,0,0,0
2019-09-17,4.5267,0,0,0
2019-09-18,4.4995,0,0,0
2019-09-19,4.4235,0,0,0
2019-09-20,4.3173,1,0,1
2019-09-23,4.371,0,0,0
2019-09-24,4.3133,0,0,0
2019-09-25,4.4558,0,0,0
2019-09-26,4.4335,0,0,0
2019-09-27,4.294,0,0,0
2019-09-30,4.3518,0,0,0
2019-10-01,4.35,0,0,0
2019-10-02,4.326,0,0,0
2019-10-03,4.5328,0,1,-1
2019-10-04,4.5492,0,0,0
2019-10-07,4.6083,0,0,0
2019-10-08,4.4307,1,0,1
2019-10-09,4.5178,0,0,0
2019-10-10,4.5758,0,0,0
2019-10-11,4.6498,0,0,0
2019-10-14,4.6633,0,0,0
2019-10-15,4.9093,0,1,-1
2019-10-16,4.8553,0,0,0
2019-10-17,4.8573,0,0,0
2019-10-18,4.7623,1,0,1
2019-10-21,4.9002,0,0,0
2019-10-22,4.8903,0,0,0
2019-10-23,4.8773,0,0,0
2019-10-24,4.9215,0,0,0
2019-10-25,5.1135,0,1,-1
2019-10-28,5.1698,0,0,0
2019-10-29,5.073,1,0,1
2019-10-30,5.075,0,0,0
2019-10-31,5.0255,0,0,0
2019-11-01,5.0648,0,0,0
2019-11-04,5.2625,0,1,-1
2019-11-05,5.2403,0,0,0
2019-11-06,5.1908,1,0,1
2019-11-07,5.2085,0,0,0
2019-11-08,5.1945,0,0,0
2019-11-11,5.2045,0,0,0
2019-11-12,5.2403,0,0,0
2019-11-13,5.2142,0,0,0
2019-11-14,5.2447,0,0,0
2019-11-15,5.1048,0,0,0
2019-11-18,5.307,0,1,-1
2019-11-19,5.1998,1,0,1
2019-11-20,5.2795,0,0,0
2019-11-21,5.2545,0,0,0
2019-11-22,5.2722,0,0,0
2019-11-25,5.5303,0,1,-1
2019-11-26,5.425,1,0,1
2019-11-27,5.456,0,0,0
2019-11-29,5.4185,0,0,0
2019-12-02,5.2313,0,0,0
2019-12-03,5.1915,0,0,0
2019-12-04,5.2355,0,0,0
2019-12-05,5.2185,0,0,0
2019-12-06,5.3042,0,0,0
2019-12-09,5.3042,0,0,0
2019-12-10,5.3495,0,0,0
2019-12-11,5.4335,0,0,0
2019-12-12,5.6018,0,1,-1
2019-12-13,5.5998,0,0,0
2019-12-16,5.6288,0,0,0
2019-12-17,5.7073,0,0,0
2019-12-18,5.7378,0,0,0
2019-12-19,5.8865,0,0,0
2019-12-20,5.9843,0,0,0
2019-12-23,5.9705,0,0,0
2019-12-24,5.9655,0,0,0
2019-12-26,5.9798,0,0,0
2019-12-27,5.9218,1,0,1
2019-12-30,5.808,0,0,0
2019-12-31,5.8825,0,0,0
2020-01-02,5.9977,0,0,0
2020-01-03,5.9017,0,0,0
2020-01-06,5.9265,0,0,0
2020-01-07,5.9983,0,0,0
2020-01-08,6.0095,0,0,0
2020-01-09,6.0755,0,0,0
2020-01-10,6.108,0,0,0
2020-01-13,6.2995,0,1,-1
2020-01-14,6.182,1,0,1
2020-01-15,6.1393,0,0,0
2020-01-16,6.2233,0,0,0
2020-01-17,6.232,0,0,0
2020-01-21,6.1985,0,0,0
2020-01-22,6.2513,0,0,0
2020-01-23,6.3215,0,0,0
2020-01-24,6.262,0,0,0
2020-01-27,6.005,0,0,0
2020-01-28,6.1993,0,1,-1
2020-01-29,6.1385,1,0,1
2020-01-30,6.1453,0,0,0
2020-01-31,5.9108,0,0,0
2020-02-03,6.0083,0,0,0
2020-02-04,6.1783,0,1,-1
2020-02-05,6.269,0,0,0
2020-02-06,6.3561,0,0,0
2020-02-07,6.2898,0,0,0
2020-02-10,6.5743,0,0,0
2020-02-11,6.6973,0,0,0
2020-02-12,6.8135,0,0,0
2020-02-13,6.7695,0,0,0
2020-02-14,7.2448,0,0,0
2020-02-18,7.4143,0,0,0
2020-02-19,7.8675,0,0,0
2020-02-20,7.7175,1,0,1
2020-02-21,7.3518,0,0,0
2020-02-24,6.832,0,0,0
2020-02-25,6.5513,0,1,-1
2020-02-26,6.6913,0,0,0
2020-02-27,6.315,1,0,1
2020-02-28,6.7518,0,0,0
2020-03-02,6.9108,0,0,0
2020-03-03,6.6472,0,0,0
2020-03-04,7.1128,0,1,-1
2020-03-05,6.8323,1,0,1
2020-03-06,6.651,0,0,0
2020-03-09,6.136,0,0,0
2020-03-10,6.527,0,1,-1
2020-03-11,6.1618,1,0,1
2020-03-12,5.4078,0,0,0
2020-03-13,6.021,0,1,-1
2020-03-16,4.91,1,0,1
2020-03-17,5.4318,0,0,0
2020-03-18,5.0705,0,0,0
2020-03-19,5.3243,0,0,0
2020-03-20,5.1438,0,0,0
2020-03-23,5.3173,0,0,0
2020-03-24,6.2295,0,1,-1
2020-03-25,6.1405,0,0,0
2020-03-26,6.431,0,0,0
2020-03-27,6.3182,0,0,0
2020-03-30,6.6397,0,0,0
2020-03-31,6.59,0,0,0
2020-04-01,6.0768,1,0,1
2020-04-02,6.3868,0,0,0
2020-04-03,6.0978,0,0,0
2020-04-06,6.71,0,0,0
2020-04-07,6.4757,0,0,0
2020-04-08,6.6738,0,0,0
2020-04-09,6.5738,0,0,0
2020-04-13,6.7463,0,0,0
2020-04-14,7.0987,0,0,0
2020-04-15,7.021,0,0,0
2020-04-16,7.3675,0,0,0
2020-04-17,7.308,0,0,0
2020-04-20,7.1763,0,0,0
2020-04-21,6.7378,0,0,0
2020-04-22,7.1537,0,0,0
2020-04-23,7.1003,0,1,-1
2020-04-24,7.2397,0,0,0
2020-04-27,7.427,0,0,0
2020-04-28,7.284,0,0,0
2020-04-29,7.4615,0,0,0
2020-04-30,7.307,0,0,0
2020-05-01,7.0695,1,0,1
2020-05-04,7.2821,0,0,0
2020-05-05,7.3435,0,0,0
2020-05-06,7.4448,0,0,0
2020-05-07,7.6218,0,0,0
2020-05-08,7.8125,0,0,0
2020-05-11,8.0655,0,0,0
2020-05-12,7.8025,0,0,0
2020-05-13,7.78,0,0,0
2020-05-14,8.0305,0,0,0
2020-05-15,8.4908,0,1,-1
2020-05-18,8.7502,0,0,0
2020-05-19,8.8055,0,0,0
2020-05-20,8.97,0,0,0
2020-05-21,8.7752,1,0,1
2020-05-22,9.0263,0,0,0
2020-05-26,8.7178,0,0,0
2020-05-27,8.5252,0,0,0
2020-05-28,8.487,0,0,0
2020-05-29,8.8755,0,1,-1
2020-06-01,8.8063,0,0,0
2020-06-02,8.8253,0,0,0
2020-06-03,8.7695,0,0,0
2020-06-04,8.7665,0,0,0
2020-06-05,8.92,0,0,0
2020-06-08,8.805,1,0,1
2020-06-09,9.046,0,0,0
2020-06-10,9.3668,0,0,0
2020-06-11,8.7963,0,0,0
2020-06-12,8.9325,0,0,0
2020-06-15,9.1738,0,0,0
2020-06-16,9.0685,0,0,0
2020-06-17,9.236,0,0,0
2020-06-18,9.218,0,0,0
2020-06-19,9.2613,0,0,0
2020-06-22,9.5267,0,0,0
2020-06-23,9.45,0,0,0
2020-06-24,9.2355,0,0,0
2020-06-25,9.49,0,0,0
2020-06-26,9.155,0,0,0
2020-06-29,9.2,0,1,-1
2020-06-30,9.4978,0,0,0
2020-07-01,9.53,0,0,0
2020-07-02,9.6123,0,0,0
2020-07-06,9.8392,0,0,0
2020-07-07,9.8718,0,0,0
2020-07-08,10.216,0,0,0
2020-07-09,10.509,0,0,0
2020-07-10,10.4793,0,0,0
2020-07-13,10.0523,1,0,1
2020-07-14,10.377,0,0,0
2020-07-15,10.2273,0,0,0
2020-07-16,10.1348,0,0,0
2020-07-17,10.2015,0,0,0
2020-07-20,10.5108,0,0,0
2020-07-21,10.3285,0,0,0
2020-07-22,10.4388,0,0,0
2020-07-23,10.1298,0,0,0
2020-07-24,10.1945,0,0,0
2020-07-27,10.4215,0,0,0
2020-07-28,10.2155,0,0,0
2020-07-29,10.4655,0,0,0
2020-07-30,10.614,0,0,0
2020-07-31,10.6148,0,0,0
2020-08-03,11.0103,0,1,-1
2020-08-04,11.2278,0,0,0
2020-08-05,11.2868,0,0,0
2020-08-06,11.3355,0,0,0
2020-08-07,11.1995,1,0,1
2020-08-10,11.165,0,0,0
2020-08-11,10.85,0,0,0
2020-08-12,11.4403,0,1,-1
2020-08-13,11.443,0,0,0
2020-08-14,11.564,0,0,0
2020-08-17,12.337,0,0,0
2020-08-18,12.2608,0,0,0
2020-08-19,12.1385,0,0,0
2020-08-20,12.141,0,0,0
2020-08-21,12.6835,0,0,0
2020-08-24,12.7203,0,0,0
2020-08-25,12.75,0,0,0
2020-08-26,12.773,0,0,0
2020-08-27,12.6283,1,0,1
2020-08-28,13.1478,0,0,0
2020-08-31,13.3745,0,0,0
2020-09-01,13.821,0,0,0
2020-09-02,14.3465,0,0,0
2020-09-03,13.0155,0,0,0
2020-09-04,12.6225,0,0,0
2020-09-08,11.913,0,0,0
2020-09-09,12.715,0,1,-1
2020-09-10,12.3118,1,0,1
2020-09-11,12.1645,0,0,0
2020-09-14,12.8723,0,1,-1
2020-09-15,12.991,0,0,0
2020-09-16,12.5145,1,0,1
2020-09-17,12.4635,0,0,0
2020-09-18,12.1893,0,0,0
2020-09-21,12.5173,0,0,0
2020-09-22,12.6378,0,0,0
2020-09-23,12.1238,0,0,0
2020-09-24,12.348,0,0,0
2020-09-25,12.8738,0,0,0
2020-09-28,13.035,0,0,0
2020-09-29,13.2258,0,0,0
2020-09-30,13.5305,0,0,0
2020-10-01,13.6145,0,0,0
2020-10-02,13.0623,0,0,0
2020-10-05,13.6425,0,0,0
2020-10-06,13.7365,0,0,0
2020-10-07,13.964,0,1,-1
2020-10-08,13.8387,0,0,0
2020-10-09,13.7628,0,0,0
2020-10-12,14.226,0,0,0
2020-10-13,14.2482,0,0,0
2020-10-14,14.0953,0,0,0
2020-10-15,13.97,0,0,0
2020-10-16,13.8115,0,0,0
2020-10-19,13.4978,1,0,1
2020-10-20,13.6455,0,0,0
2020-10-21,13.5248,0,0,0
2020-10-22,13.361,0,0,0
2020-10-23,13.5903,0,0,0
2020-10-26,13.1412,0,0,0
2020-10-27,13.3968,0,0,0
2020-10-28,12.627,0,0,0
2020-10-29,13.024,0,0,0
2020-10-30,12.534,0,0,0
2020-11-02,12.5808,0,0,0
2020-11-03,13.0195,0,1,-1
2020-11-04,13.7943,0,0,0
2020-11-05,14.16,0,0,0
2020-11-06,14.562,0,0,0
2020-11-09,13.6308,1,0,1
2020-11-10,12.77,0,0,0
2020-11-11,13.418,0,1,-1
2020-11-12,13.4568,0,0,0
2020-11-13,13.297,0,0,0
2020-11-16,13.5153,0,0,0
2020-11-17,13.4223,0,0,0
2020-11-18,13.4288,0,0,0
2020-11-19,13.4403,0,0,0
2020-11-20,13.0878,0,0,0
2020-11-23,13.14,0,0,0
2020-11-24,12.9577,0,0,0
2020-11-25,13.2348,0,0,0
2020-11-27,13.2613,0,0,0
2020-11-30,13.4015,0,0,0
2020-12-01,13.39,0,0,0
2020-12-02,13.5445,0,0,0
2020-12-03,13.396,1,0,1
2020-12-04,13.5583,0,0,0
2020-12-07,13.6068,0,0,0
2020-12-08,13.35,0,0,0
2020-12-09,12.9308,0,0,0
2020-12-10,12.9723,0,0,0
2020-12-11,13.0132,0,0,0
2020-12-14,13.3088,0,0,0
2020-12-15,13.3605,0,0,0
2020-12-16,13.2425,0,0,0
2020-12-17,13.3413,0,0,0
2020-12-18,13.272,0,0,0
2020-12-21,13.3323,0,0,0
2020-12-22,13.2783,0,0,0
2020-12-23,13.0093,0,0,0
2020-12-24,12.9938,0,1,-1
2020-12-28,12.9,0,0,0
2020-12-29,12.9433,0,0,0
2020-12-30,13.1458,0,0,0
2020-12-31,13.055,0,0,0
2021-01-04,13.1135,0,0,0
2021-01-05,13.4048,0,0,0
2021-01-06,12.6145,1,0,1
2021-01-07,13.344,0,0,0
2021-01-08,13.2768,0,0,0
2021-01-11,13.6215,0,0,0
2021-01-12,13.4848,0,0,0
2021-01-13,13.5318,0,0,0
2021-01-14,13.2003,0,0,0
2021-01-15,12.8595,0,0,0
2021-01-19,13.0253,0,0,0
2021-01-20,13.3658,0,0,0
2021-01-21,13.8675,0,1,-1
2021-01-22,13.7125,0,0,0
2021-01-25,13.6533,0,0,0
2021-01-26,13.4353,0,0,0
2021-01-27,12.9178,1,0,1
2021-01-28,13.051,0,0,0
2021-01-29,12.9898,0,0,0
2021-02-01,13.237,0,0,0
2021-02-02,13.5568,0,0,0
2021-02-03,13.5305,0,0,0
2021-02-04,13.6643,0,0,0
2021-02-05,13.591,0,0,0
2021-02-08,14.4387,0,1,-1
2021-02-09,14.2632,0,0,0
2021-02-10,14.7643,0,0,0
2021-02-11,15.2508,0,0,0
2021-02-12,14.9613,1,0,1
2021-02-16,15.3303,0,0,0
2021-02-17,14.906,0,0,0
2021-02-18,14.829,0,0,0
2021-02-19,14.9265,0,0,0
2021-02-22,14.3558,0,0,0
2021-02-23,14.142,0,0,0
2021-02-24,14.499,0,0,0
2021-02-25,13.3075,0,0,0
2021-02-26,13.7145,0,0,0
2021-03-01,13.8417,0,0,0
2021-03-02,13.4063,0,0,0
2021-03-03,12.8048,0,1,-1
2021-03-04,12.3703,1,0,1
2021-03-05,12.4615,0,0,0
2021-03-08,11.5933,0,0,0
2021-03-09,12.5203,0,1,-1
2021-03-10,12.4683,0,0,0
2021-03-11,12.9935,0,0,0
2021-03-12,12.856,0,0,0
2021-03-15,13.1913,0,0,0
2021-03-16,13.2913,0,0,0
2021-03-17,13.3413,0,0,0
2021-03-18,12.7225,1,0,1
2021-03-19,12.8458,0,0,0
2021-03-22,13.1863,0,0,0
2021-03-23,13.0708,0,0,0
2021-03-24,12.643,0,0,0
2021-03-25,12.5353,0,0,0
2021-03-26,12.8393,0,0,0
2021-03-29,12.9483,0,0,0
2021-03-30,12.8718,0,0,0
2021-03-31,13.3483,0,0,0
2021-04-01,13.8118,0,0,0
2021-04-05,13.9875,0,0,0
2021-04-06,13.8615,0,0,0
2021-04-07,14.1435,0,0,0
2021-04-08,14.317,0,0,0
2021-04-09,14.4,0,1,-1
2021-04-12,15.209,0,0,0
2021-04-13,15.6795,0,0,0
2021-04-14,15.277,1,0,1
2021-04-15,16.1373,0,0,0
2021-04-16,15.9125,0,0,0
2021-04-19,15.3618,0,0,0
2021-04-20,15.1713,0,0,0
2021-04-21,15.3605,0,0,0
2021-04-22,14.8503,0,0,0
2021-04-23,15.2653,0,0,0
2021-04-26,15.478,0,0,0
2021-04-27,15.3818,0,0,0
2021-04-28,15.2768,0,0,0
2021-04-29,15.3248,0,0,0
2021-04-30,15.0095,0,0,0
2021-05-03,14.8368,0,0,0
2021-05-04,14.3513,0,0,0
2021-05-05,14.4585,0,1,-1
2021-05-06,14.523,0,0,0
2021-05-07,14.8123,0,0,0
2021-05-10,14.2658,1,0,1
2021-05-11,14.3063,0,0,0
2021-05-12,13.7585,0,0,0
2021-05-13,13.6653,0,0,0
2021-05-14,14.243,0,1,-1
2021-05-17,14.1655,0,0,0
2021-05-18,14.0158,0,0,0
2021-05-19,14.0658,0,0,0
2021-05-20,14.6125,0,0,0
2021-05-21,14.9918,0,0,0
2021-05-24,15.612,0,0,0
2021-05-25,15.6478,0,0,0
2021-05-26,15.7,0,0,0
2021-05-27,15.488,0,0,0
2021-05-28,16.2445,0,0,0
2021-06-01,16.2645,0,0,0
2021-06-02,16.7783,0,0,0
2021-06-03,16.9698,0,0,0
2021-06-04,17.5783,0,0,0
2021-06-07,17.619,1,0,1
2021-06-08,17.457,0,0,0
2021-06-09,17.3583,0,0,0
2021-06-10,17.425,0,0,0
2021-06-11,17.8253,0,0,0
2021-06-14,18.0188,0,0,0
2021-06-15,17.7885,0,0,0
2021-06-16,17.8103,0,0,0
2021-06-17,18.6573,0,1,-1
2021-06-18,18.6387,0,0,0
2021-06-21,18.4273,1,0,1
2021-06-22,18.8868,0,0,0
2021-06-23,19.0573,0,0,0
2021-06-24,19.2055,0,0,0
2021-06-25,19.031,0,0,0
2021-06-28,19.985,0,1,-1
2021-06-29,20.0268,0,0,0
2021-06-30,20.0025,0,0,0
2021-07-01,20.212,0,0,0
2021-07-02,20.487,0,0,0
2021-07-06,20.6985,0,0,0
2021-07-07,20.3718,1,0,1
2021-07-08,19.9028,0,0,0
2021-07-09,20.0503,0,0,0
2021-07-12,20.5125,0,0,0
2021-07-13,20.25,0,0,0
2021-07-14,19.8415,0,0,0
2021-07-15,18.9662,0,0,0
2021-07-16,18.161,0,0,0
2021-07-19,18.7798,0,1,-1
2021-07-20,18.612,0,0,0
2021-07-21,19.41,0,0,0
2021-07-22,19.594,0,0,0
2021-07-23,19.558,0,0,0
2021-07-26,19.294,0,0,0
2021-07-27,19.208,0,0,0
2021-07-28,19.503,0,0,0
2021-07-29,19.662,0,0,0
2021-07-30,19.499,0,0,0
2021-08-02,19.75,0,0,0
2021-08-03,19.815,0,0,0
2021-08-04,20.274,0,0,0
2021-08-05,20.637,0,0,0
2021-08-06,20.366,0,0,0
2021-08-09,20.295,1,0,1
2021-08-10,19.936,0,0,0
2021-08-11,19.699,0,0,0
2021-08-12,19.905,0,0,0
2021-08-13,20.188,0,0,0
2021-08-16,19.95,0,0,0
2021-08-17,19.458,0,0,0
2021-08-18,19.04,0,0,0
2021-08-19,19.798,0,1,-1
2021-08-20,20.816,0,0,0
2021-08-23,21.958,0,0,0
2021-08-24,21.793,0,0,0
2021-08-25,22.213,0,0,0
2021-08-26,22.068,0,0,0
2021-08-27,22.636,0,0,0
2021-08-30,22.688,0,0,0
2021-08-31,22.385,1,0,1
2021-09-01,22.441,0,0,0
2021-09-02,22.396,0,0,0
2021-09-03,22.843,0,0,0
2021-09-07,22.662,0,0,0
2021-09-08,22.339,0,0,0
2021-09-09,22.177,0,0,0
2021-09-10,22.478,0,0,0
2021-09-13,22.152,0,0,0
2021-09-14,22.242,0,0,0
2021-09-15,22.341,0,0,0
2021-09-16,22.242,0,0,0
2021-09-17,21.9,0,0,0
2021-09-20,21.113,0,0,0
2021-09-21,21.246,0,0,0
2021-09-22,21.941,0,1,-1
2021-09-23,22.482,0,0,0
2021-09-24,22.081,1,0,1
2021-09-27,21.66,0,0,0
2021-09-28,20.699,0,0,0
2021-09-29,20.517,0,0,0
2021-09-30,20.716,0,0,0
2021-10-01,20.742,0,0,0
2021-10-04,19.732,0,0,0
2021-10-05,20.451,0,1,-1
2021-10-06,20.7,0,0,0
2021-10-07,21.075,0,0,0
2021-10-08,20.831,0,0,0
2021-10-11,20.695,0,0,0
2021-10-12,20.671,0,0,0
2021-10-13,20.939,0,0,0
2021-10-14,21.746,0,0,0
2021-10-15,21.862,0,0,0
2021-10-18,22.222,0,0,0
2021-10-19,22.29,0,0,0
2021-10-20,22.103,0,0,0
2021-10-21,22.692,0,0,0
2021-10-22,22.726,0,0,0
2021-10-25,23.166,0,0,0
2021-10-26,24.717,1,0,1
2021-10-27,24.451,0,0,0
2021-10-28,24.941,0,0,0
2021-10-29,25.567,0,0,0
2021-11-01,25.827,0,0,0
2021-11-02,26.401,0,0,0
2021-11-03,26.598,0,0,0
2021-11-04,29.801,0,1,-1
2021-11-05,29.752,0,0,0
2021-11-08,30.804,0,0,0
2021-11-09,30.657,0,0,0
2021-11-10,29.459,1,0,1
2021-11-11,30.39,0,0,0
2021-11-12,30.39,0,0,0
2021-11-15,30.025,0,0,0
2021-11-16,30.203,0,0,0
2021-11-17,29.261,0,0,0
2021-11-18,31.675,0,1,-1
2021-11-19,32.985,0,0,0
2021-11-22,31.956,1,0,1
2021-11-23,31.746,0,0,0
2021-11-24,32.674,0,0,0
2021-11-26,31.503,0,0,0
2021-11-29,33.376,0,0,0
2021-11-30,32.676,0,0,0
2021-12-01,31.435,0,0,0
2021-12-02,32.126,0,0,0
2021-12-03,30.693,0,0,0
2021-12-06,30.037,0,0,0
2021-12-07,32.427,0,1,-1
2021-12-08,31.826,0,0,0
2021-12-09,30.49,1,0,1
2021-12-10,30.198,0,0,0
2021-12-13,28.161,0,0,0
2021-12-14,28.337,0,0,0
2021-12-15,30.459,0,1,-1
2021-12-16,28.387,1,0,1
2021-12-17,27.801,0,0,0
2021-12-20,27.719,0,0,0
2021-12-21,29.075,0,0,0
2021-12-22,29.4,0,0,0
2021-12-23,29.64,0,0,0
2021-12-27,30.945,0,0,0
2021-12-28,30.322,0,0,0
2021-12-29,30.001,0,0,0
2021-12-30,29.586,0,0,0
2021-12-31,29.411,0,0,0
2022-01-03,30.121,0,0,0
2022-01-04,29.29,0,0,0
2022-01-05,27.604,0,0,0
2022-01-06,28.178,0,0,0
2022-01-07,27.247,0,1,-1
2022-01-10,27.4,0,0,0
2022-01-11,27.817,0,0,0
2022-01-12,27.999,0,0,0
2022-01-13,26.575,1,0,1
2022-01-14,26.942,0,0,0
2022-01-18,25.903,0,0,0
2022-01-19,25.067,0,0,0
2022-01-20,24.15,0,0,0
2022-01-21,23.374,0,0,0
2022-01-24,23.372,0,0,0
2022-01-25,22.324,0,1,-1
2022-01-26,22.772,0,0,0
2022-01-27,21.944,1,0,1
2022-01-28,22.84,0,0,0
2022-01-31,24.486,0,1,-1
2022-02-01,24.638,0,0,0
2022-02-02,25.242,0,0,0
2022-02-03,23.948,1,0,1
2022-02-04,24.319,0,0,0
2022-02-07,24.728,0,0,0
2022-02-08,25.108,0,0,0
2022-02-09,26.705,0,1,-1
2022-02-10,25.824,1,0,1
2022-02-11,23.949,0,0,0
2022-02-14,24.267,0,0,0
2022-02-15,26.495,0,1,-1
2022-02-16,26.511,0,0,0
2022-02-17,24.507,1,0,1
2022-02-18,23.642,0,0,0
2022-02-22,23.39,0,0,0
2022-02-23,22.387,0,0,0
2022-02-24,23.748,0,1,-1
2022-02-25,24.157,0,0,0
2022-02-28,24.385,0,0,0
2022-03-01,23.477,1,0,1
2022-03-02,24.22,0,0,0
2022-03-03,23.714,0,0,0
2022-03-04,22.936,0,0,0
2022-03-07,21.352,0,0,0
2022-03-08,21.514,0,0,0
2022-03-09,23.014,0,1,-1
2022-03-10,22.658,0,0,0
2022-03-11,22.1,0,0,0
2022-03-14,21.33,0,0,0
2022-03-15,22.973,0,0,0
2022-03-16,24.496,0,0,0
2022-03-17,24.766,0,0,0
2022-03-18,26.453,0,0,0
2022-03-21,26.734,0,0,0
2022-03-22,26.524,0,0,0
2022-03-23,25.634,0,0,0
2022-03-24,28.15,0,0,0
2022-03-25,27.692,0,0,0
2022-03-28,28.219,0,0,0
2022-03-29,28.656,0,0,0
2022-03-30,27.69,1,0,1
2022-03-31,27.286,0,0,0
2022-04-01,26.712,0,0,0
2022-04-04,27.36,0,0,0
2022-04-05,25.931,0,0,0
2022-04-06,24.407,0,0,0
2022-04-07,24.208,0,1,-1
2022-04-08,23.119,1,0,1
2022-04-11,21.917,0,0,0
2022-04-12,21.504,0,0,0
2022-04-13,22.203,0,0,0
2022-04-14,21.258,0,0,0
2022-04-18,21.783,0,0,0
2022-04-19,22.198,0,0,0
2022-04-20,21.482,0,0,0
2022-04-21,20.183,0,1,-1
2022-04-22,19.515,0,0,0
2022-04-25,19.902,0,0,0
2022-04-26,18.788,1,0,1
2022-04-27,18.415,0,0,0
2022-04-28,19.782,0,1,-1
2022-04-29,18.547,1,0,1
2022-05-02,19.533,0,0,0
2022-05-03,19.602,0,0,0
2022-05-04,20.334,0,1,-1
2022-05-05,18.844,1,0,1
2022-05-06,18.675,0,0,0
2022-05-09,16.95,0,0,0
2022-05-10,17.595,0,1,-1
2022-05-11,16.63,1,0,1
2022-05-12,16.175,0,0,0
2022-05-13,17.706,0,1,-1
2022-05-16,17.264,0,0,0
2022-05-17,18.177,0,0,0
2022-05-18,16.938,1,0,1
2022-05-19,17.124,0,0,0
2022-05-20,16.694,0,0,0
2022-05-23,16.898,0,0,0
2022-05-24,16.154,0,0,0
2022-05-25,16.975,0,0,0
2022-05-26,17.851,0,0,0
2022-05-27,18.811,0,0,0
2022-05-31,18.672,0,0,0
2022-06-01,18.32,0,0,0
2022-06-02,19.592,0,1,-1
2022-06-03,18.72,1,0,1
2022-06-06,18.786,0,0,0
2022-06-07,18.926,0,0,0
2022-06-08,18.648,0,0,0
2022-06-09,18.048,0,0,0
2022-06-10,16.974,0,0,0
2022-06-13,15.647,0,1,-1
2022-06-14,15.836,0,0,0
2022-06-15,16.527,0,0,0
2022-06-16,15.601,1,0,1
2022-06-17,15.88,0,0,0
2022-06-21,16.566,0,0,0
2022-06-22,16.36,0,0,0
2022-06-23,16.225,0,0,0
2022-06-24,17.126,0,1,-1
2022-06-27,16.869,0,0,0
2022-06-28,15.982,1,0,1
2022-06-29,15.542,0,0,0
2022-06-30,15.159,0,0,0
2022-07-01,14.523,0,0,0
2022-07-05,14.964,0,0,0
2022-07-06,15.13,0,0,0
2022-07-07,15.858,0,0,0
2022-07-08,15.838,0,0,0
2022-07-11,15.152,0,0,0
2022-07-12,15.082,0,0,0
2022-07-13,15.164,0,0,0
2022-07-14,15.372,0,0,0
2022-07-15,15.762,0,0,0
2022-07-18,16.101,0,0,0
2022-07-19,16.992,0,1,-1
2022-07-20,17.807,0,0,0
2022-07-21,18.05,0,0,0
2022-07-22,17.319,1,0,1
2022-07-25,17.024,0,0,0
2022-07-26,16.533,0,0,0
2022-07-27,17.79,0,1,-1
2022-07-28,17.984,0,0,0
2022-07-29,18.163,0,0,0
2022-08-01,18.441,0,0,0
2022-08-02,18.526,0,0,0
2022-08-03,18.893,0,0,0
2022-08-04,19.215,0,0,0
2022-08-05,18.989,0,0,0
2022-08-08,17.793,1,0,1
2022-08-09,17.086,0,0,0
2022-08-10,18.097,0,1,-1
2022-08-11,17.942,0,0,0
2022-08-12,18.709,0,0,0
2022-08-15,19.032,0,0,0
2022-08-16,18.879,0,0,0
2022-08-17,18.335,1,0,1
2022-08-18,18.773,0,0,0
2022-08-19,17.849,0,0,0
2022-08-22,17.034,0,0,0
2022-08-23,17.181,0,0,0
2022-08-24,17.222,0,0,0
2022-08-25,17.913,0,0,0
2022-08-26,16.26,0,0,0
2022-08-29,15.801,0,1,-1
2022-08-30,15.468,0,0,0
2022-08-31,15.094,0,0,0
2022-09-01,13.937,1,0,1
2022-09-02,13.647,0,0,0
2022-09-06,13.465,0,0,0
2022-09-07,13.714,0,0,0
2022-09-08,13.99,0,0,0
2022-09-09,14.387,0,0,0
2022-09-12,14.505,0,0,0
2022-09-13,13.131,0,0,0
2022-09-14,13.128,0,0,0
2022-09-15,12.929,0,0,0
2022-09-16,13.198,0,0,0
2022-09-19,13.382,0,0,0
2022-09-20,13.176,0,0,0
2022-09-21,13.261,0,0,0
2022-09-22,12.561,0,0,0
2022-09-23,12.516,0,1,-1
2022-09-26,12.228,0,0,0
2022-09-27,12.413,0,0,0
2022-09-28,12.736,0,0,0
2022-09-29,12.22,1,0,1
2022-09-30,12.139,0,0,0
2022-10-03,12.512,0,0,0
2022-10-04,13.167,0,1,-1
2022-10-05,13.209,0,0,0
2022-10-06,13.13,0,0,0
2022-10-07,12.076,1,0,1
2022-10-10,11.67,0,0,0
2022-10-11,11.586,0,0,0
2022-10-12,11.5,0,0,0
2022-10-13,11.96,0,1,-1
2022-10-14,11.227,1,0,1
2022-10-17,11.888,0,0,0
2022-10-18,11.967,0,0,0
2022-10-19,12.051,0,0,0
2022-10-20,12.194,0,0,0
2022-10-21,12.466,0,0,0
2022-10-24,12.599,0,0,0
2022-10-25,13.261,0,1,-1
2022-10-26,12.896,1,0,1
2022-10-27,13.176,0,0,0
2022-10-28,13.834,0,1,-1
2022-10-31,13.497,0,0,0
2022-11-01,13.543,0,0,0
2022-11-02,13.219,1,0,1
2022-11-03,13.421,0,0,0
2022-11-04,14.156,0,1,-1
2022-11-07,14.301,0,0,0
2022-11-08,14.602,0,0,0
2022-11-09,13.776,1,0,1
2022-11-10,15.75,0,0,0
2022-11-11,16.327,0,0,0
2022-11-14,16.295,0,0,0
2022-11-15,16.666,0,0,0
2022-11-16,15.91,0,0,0
2022-11-17,15.677,0,0,0
2022-11-18,15.409,0,0,0
2022-11-21,15.317,0,0,0
2022-11-22,16.038,0,0,0
2022-11-23,16.519,0,0,0
2022-11-25,16.27,0,0,0
2022-11-28,15.827,0,0,0
2022-11-29,15.639,0,0,0
2022-11-30,16.923,0,1,-1
2022-12-01,17.135,0,0,0
2022-12-02,16.876,0,0,0
2022-12-05,16.61,0,0,0
2022-12-06,15.987,1,0,1
2022-12-07,16.12,0,0,0
2022-12-08,17.169,0,1,-1
2022-12-09,17.001,0,0,0
2022-12-12,17.535,0,0,0
2022-12-13,18.072,0,0,0
2022-12-14,17.674,1,0,1
2022-12-15,16.952,0,0,0
2022-12-16,16.571,0,0,0
2022-12-19,16.254,0,0,0
2022-12-20,16.085,0,0,0
2022-12-21,16.501,0,0,0
2022-12-22,15.339,0,1,-1
2022-12-23,15.206,0,0,0
2022-12-27,14.121,1,0,1
2022-12-28,14.036,0,0,0
2022-12-29,14.603,0,0,0
2022-12-30,14.614,0,0,0
2023-01-03,14.315,0,0,0
2023-01-04,14.749,0,0,0
2023-01-05,14.265,0,0,0
2023-01-06,14.859,0,0,0
2023-01-09,15.628,0,1,-1
2023-01-10,15.909,0,0,0
2023-01-11,16.001,0,0,0
2023-01-12,16.511,0,0,0
2023-01-13,16.899,0,0,0
2023-01-17,17.702,0,0,0
2023-01-18,17.377,0,0,0
2023-01-19,16.765,1,0,1
2023-01-20,17.839,0,0,0
2023-01-23,19.193,0,1,-1
2023-01-24,19.265,0,0,0
2023-01-25,19.323,0,0,0
2023-01-26,19.802,0,0,0
2023-01-27,20.365,0,0,0
2023-01-30,19.162,1,0,1
2023-01-31,19.537,0,0,0
2023-02-01,20.943,0,1,-1
2023-02-02,21.709,0,0,0
2023-02-03,21.1,1,0,1
2023-02-06,21.089,0,0,0
2023-02-07,22.173,0,0,0
2023-02-08,22.205,0,0,0
2023-02-09,22.337,0,0,0
2023-02-10,21.265,0,0,0
2023-02-13,21.788,0,0,0
2023-02-14,22.971,0,0,0
2023-02-15,22.764,0,0,0
2023-02-16,22.002,0,0,0
2023-02-17,21.388,0,0,0
2023-02-21,20.655,0,0,0
2023-02-22,20.754,0,0,0
2023-02-23,23.664,0,1,-1
2023-02-24,23.286,0,0,0
2023-02-27,23.501,0,0,0
2023-02-28,23.216,0,0,0
2023-03-01,22.698,1,0,1
2023-03-02,23.314,0,0,0
2023-03-03,23.89,0,0,0
2023-03-06,23.554,0,0,0
2023-03-07,23.288,0,0,0
2023-03-08,24.181,0,0,0
2023-03-09,23.436,0,0,0
2023-03-10,22.965,0,0,0
2023-03-13,22.966,0,0,0
2023-03-14,24.063,0,0,0
2023-03-15,24.228,0,0,0
2023-03-16,25.541,0,0,0
2023-03-17,25.725,0,0,0
2023-03-20,25.9,0,0,0
2023-03-21,26.199,0,0,0
2023-03-22,26.468,0,1,-1
2023-03-23,27.191,0,0,0
2023-03-24,26.779,0,0,0
2023-03-27,26.531,0,0,0
2023-03-28,26.41,0,0,0
2023-03-29,26.984,0,0,0
2023-03-30,27.383,0,0,0
2023-03-31,27.777,0,0,0
2023-04-03,27.965,0,0,0
2023-04-04,27.453,1,0,1
2023-04-05,26.881,0,0,0
2023-04-06,27.037,0,0,0
2023-04-10,27.579,0,0,0
2023-04-11,27.169,0,0,0
2023-04-12,26.495,0,0,0
2023-04-13,26.463,0,0,0
2023-04-14,26.758,0,0,0
2023-04-17,27.002,0,0,0
2023-04-18,27.667,0,0,0
2023-04-19,27.931,0,0,0
2023-04-20,27.104,0,0,0
2023-04-21,27.119,0,0,0
2023-04-24,27.042,0,0,0
2023-04-25,26.241,0,0,0
2023-04-26,26.956,0,1,-1
2023-04-27,27.226,0,0,0
2023-04-28,27.749,0,0,0
2023-05-01,28.91,0,0,0
2023-05-02,28.21,1,0,1
2023-05-03,27.802,0,0,0
2023-05-04,27.562,0,0,0
2023-05-05,28.68,0,1,-1
2023-05-08,29.151,0,0,0
2023-05-09,28.571,1,0,1
2023-05-10,28.885,0,0,0
2023-05-11,28.578,0,0,0
2023-05-12,28.34,0,0,0
2023-05-15,28.953,0,0,0
2023-05-16,29.213,0,0,0
2023-05-17,30.178,0,1,-1
2023-05-18,31.678,0,0,0
2023-05-19,31.264,1,0,1
2023-05-22,31.176,0,0,0
2023-05-23,30.688,0,0,0
2023-05-24,30.538,0,0,0
2023-05-25,37.98,0,1,-1
2023-05-26,38.946,0,0,0
2023-05-30,40.111,0,0,0
2023-05-31,37.834,1,0,1
2023-06-01,39.77,0,0,0
2023-06-02,39.327,0,0,0
2023-06-05,39.171,0,0,0
2023-06-06,38.654,0,0,0
2023-06-07,37.475,0,0,0
2023-06-08,38.51,0,0,0
2023-06-09,38.77,0,0,0
2023-06-12,39.482,0,0,0
2023-06-13,41.022,0,0,0
2023-06-14,42.997,0,0,0
2023-06-15,42.653,0,0,0
2023-06-16,42.692,0,0,0
2023-06-20,43.808,0,0,0
2023-06-21,43.045,0,0,0
2023-06-22,43.025,0,1,-1
2023-06-23,42.209,0,0,0
2023-06-26,40.632,1,0,1
2023-06-27,41.876,0,0,0
2023-06-28,41.117,0,0,0
2023-06-29,40.822,0,0,0
2023-06-30,42.302,0,0,0
2023-07-03,42.413,0,0,0
2023-07-05,42.317,0,0,0
2023-07-06,42.103,0,0,0
2023-07-07,42.503,0,0,0
2023-07-10,42.18,0,0,0
2023-07-11,42.405,0,0,0
2023-07-12,43.902,0,1,-1
2023-07-13,45.977,0,0,0
2023-07-14,45.469,0,0,0
2023-07-17,46.461,0,0,0
2023-07-18,47.494,0,0,0
2023-07-19,47.077,1,0,1
2023-07-20,45.52,0,0,0
2023-07-21,44.309,0,0,0
2023-07-24,44.612,0,0,0
2023-07-25,45.679,0,0,0
2023-07-26,45.452,0,0,0
2023-07-27,45.9,0,0,0
2023-07-28,46.75,0,0,0
2023-07-31,46.729,0,0,0
2023-08-01,46.507,0,0,0
2023-08-02,44.269,0,0,0
2023-08-03,44.515,0,0,0
2023-08-04,44.68,0,0,0
2023-08-07,45.4165,0,0,0
2023-08-08,44.664,0,0,0
2023-08-09,42.554,0,1,-1
2023-08-10,42.388,0,0,0
2023-08-11,40.855,1,0,1
2023-08-14,43.753,0,0,0
2023-08-15,43.94,0,0,0
2023-08-16,43.486,0,0,0
2023-08-17,43.3435,0,0,0
2023-08-18,43.299,0,0,0
2023-08-21,46.967,0,1,-1
2023-08-22,45.668,1,0,1
2023-08-23,47.116,0,0,0
2023-08-24,47.163,0,0,0
2023-08-25,46.018,0,0,0
2023-08-28,46.835,0,0,0
2023-08-29,48.784,0,1,-1
2023-08-30,49.264,0,0,0
2023-08-31,49.355,0,0,0
2023-09-01,48.509,0,0,0
2023-09-05,48.548,0,0,0
2023-09-06,47.061,1,0,1
2023-09-07,46.241,0,0,0
2023-09-08,45.572,0,0,0
2023-09-11,45.178,0,0,0
2023-09-12,44.87,0,0,0
2023-09-13,45.485,0,0,0
2023-09-14,45.581,0,0,0
2023-09-15,43.9,0,0,0
2023-09-18,43.966,0,0,0
2023-09-19,43.52,0,0,0
2023-09-20,42.239,0,0,0
2023-09-21,41.017,0,1,-1
2023-09-22,41.61,0,0,0
2023-09-25,42.222,0,0,0
2023-09-26,41.911,0,0,0
2023-09-27,42.468,0,0,0
2023-09-28,43.089,0,0,0
2023-09-29,43.499,0,0,0
2023-10-02,44.782,0,0,0
2023-10-03,43.517,1,0,1
2023-10-04,44.041,0,0,0
2023-10-05,44.688,0,0,0
2023-10-06,45.762,0,0,0
2023-10-09,45.273,0,0,0
2023-10-10,45.798,0,0,0
2023-10-11,46.806,0,1,-1
2023-10-12,46.945,0,0,0
2023-10-13,45.461,1,0,1
2023-10-16,46.095,0,0,0
2023-10-17,43.938,0,0,0
2023-10-18,42.196,0,0,0
2023-10-19,42.101,0,0,0
2023-10-20,41.387,0,0,0
2023-10-23,42.975,0,1,-1
2023-10-24,43.663,0,0,0
2023-10-25,41.779,1,0,1
2023-10-26,40.326,0,0,0
2023-10-27,40.5,0,0,0
2023-10-30,41.161,0,0,0
2023-10-31,40.78,0,0,0
2023-11-01,42.325,0,1,-1
2023-11-02,43.506,0,0,0
2023-11-03,45.005,0,0,0
2023-11-06,45.751,0,0,0
2023-11-07,45.955,0,0,0
2023-11-08,46.574,0,0,0
2023-11-09,46.95,0,0,0
2023-11-10,48.335,0,0,0
2023-11-13,48.62,0,0,0
2023-11-14,49.656,0,0,0
2023-11-15,48.888,0,0,0
2023-11-16,49.48,0,0,0
2023-11-17,49.298,0,0,0
2023-11-20,50.409,0,0,0
2023-11-21,49.944,0,0,0
2023-11-22,48.716,1,0,1
2023-11-24,47.776,0,0,0
2023-11-27,48.242,0,0,0
2023-11-28,47.821,0,0,0
2023-11-29,48.14,0,0,0
2023-11-30,46.77,0,0,0
2023-12-01,46.765,0,0,0
2023-12-04,45.51,0,0,0
2023-12-05,46.566,0,0,0
2023-12-06,45.503,0,0,0
2023-12-07,46.596,0,0,0
2023-12-08,47.506,0,0,0
2023-12-11,46.627,0,0,0
2023-12-12,47.657,0,0,0
2023-12-13,48.088,0,0,0
2023-12-14,48.35,0,1,-1
2023-12-15,48.89,0,0,0
2023-12-18,50.077,0,0,0
2023-12-19,49.604,0,0,0
2023-12-20,48.111,1,0,1
2023-12-21,48.99,0,0,0
2023-12-22,48.83,0,0,0
2023-12-26,49.279,0,0,0
2023-12-27,49.417,0,0,0
2023-12-28,49.522,0,0,0
2023-12-29,49.522,0,0,0
2024-01-02,48.168,0,0,0
2024-01-03,47.569,0,0,0
2024-01-04,47.998,0,0,0
2024-01-05,49.097,0,0,0
2024-01-08,52.253,0,1,-1
2024-01-09,53.14,0,0,0
2024-01-10,54.35,0,0,0
2024-01-11,54.822,0,0,0
2024-01-12,54.71,0,0,0
2024-01-16,56.382,0,0,0
2024-01-17,56.053,0,0,0
2024-01-18,57.107,0,0,0
2024-01-19,59.491,0,0,0
2024-01-22,59.654,0,0,0
2024-01-23,59.873,0,0,0
2024-01-24,61.362,0,0,0
2024-01-25,61.617,0,0,0
2024-01-26,61.031,1,0,1
2024-01-29,62.465,0,0,0
2024-01-30,62.774,0,0,0
2024-01-31,61.527,0,0,0
2024-02-01,63.027,0,0,0
2024-02-02,66.16,0,1,-1
2024-02-05,69.332,0,0,0
2024-02-06,68.223,1,0,1
2024-02-07,70.099,0,0,0
2024-02-08,69.641,0,0,0
2024-02-09,72.133,0,0,0
2024-02-12,72.248,0,0,0
2024-02-13,72.128,0,0,0
2024-02-14,73.9,0,0,0
2024-02-15,72.658,0,0,0
2024-02-16,72.613,0,0,0
2024-02-20,69.452,0,0,0
2024-02-21,67.472,0,0,0
2024-02-22,78.538,0,1,-1
2024-02-23,78.817,0,0,0
2024-02-26,79.092,0,0,0
2024-02-27,78.701,0,0,0
2024-02-28,77.663,0,0,0
2024-02-29,79.112,0,0,0
2024-03-01,82.279,0,0,0
2024-03-04,85.237,0,0,0
2024-03-05,85.964,0,0,0
2024-03-06,88.7,0,0,0
2024-03-07,92.669,0,0,0
2024-03-08,87.528,1,0,1
2024-03-11,85.774,0,0,0
2024-03-12,91.913,0,1,-1
2024-03-13,90.888,0,0,0
2024-03-14,87.944,1,0,1
2024-03-15,87.8365,0,0,0
2024-03-18,88.455,0,0,0
2024-03-19,89.398,0,0,0
2024-03-20,90.372,0,0,0
2024-03-21,91.435,0,0,0
2024-03-22,94.289,0,0,0
2024-03-25,95.002,0,0,0
2024-03-26,92.561,0,0,0
2024-03-27,90.25,0,0,0
2024-03-28,90.356,0,0,0
2024-04-01,90.363,0,0,0
2024-04-02,89.452,0,0,0
2024-04-03,88.964,0,0,0
2024-04-04,85.905,0,0,0
2024-04-05,88.008,0,1,-1
2024-04-08,87.133,0,0,0
2024-04-09,85.354,1,0,1
2024-04-10,87.039,0,0,0
2024-04-11,90.616,0,1,-1
2024-04-12,88.186,1,0,1
2024-04-15,86.001,0,0,0
2024-04-16,87.415,0,0,0
2024-04-17,84.035,0,0,0
2024-04-18,84.671,0,0,0
2024-04-19,76.2,0,1,-1
2024-04-22,79.518,0,0,0
2024-04-23,82.423,0,0,0
2024-04-24,79.677,1,0,1
2024-04-25,82.632,0,0,0
2024-04-26,87.735,0,1,-1
2024-04-29,87.757,0,0,0
2024-04-30,86.402,0,0,0
2024-05-01,83.041,1,0,1
2024-05-02,85.817,0,0,0
2024-05-03,88.789,0,0,0
2024-05-06,92.14,0,0,0
2024-05-07,90.554,0,0,0
2024-05-08,90.412,0,0,0
2024-05-09,88.747,0,0,0
2024-05-10,89.878,0,0,0
2024-05-13,90.399,0,0,0
2024-05-14,91.356,0,0,0
2024-05-15,94.63,0,0,0
2024-05-16,94.359,0,0,0
2024-05-17,92.479,0,0,0
2024-05-20,94.78,0,0,0
2024-05-21,95.386,0,0,0
2024-05-22,94.95,0,1,-1
2024-05-23,103.799,0,0,0
2024-05-24,106.469,0,0,0
2024-05-28,113.901,0,0,0
2024-05-29,114.825,0,0,0
2024-05-30,110.5,1,0,1
2024-05-31,109.633,0,0,0
2024-06-03,115.0,0,0,0
2024-06-04,116.437,0,0,0
2024-06-05,122.44,0,0,0
2024-06-06,120.998,0,0,0
2024-06-07,120.888,0,0,0
2024-06-10,121.79,0,0,0
2024-06-11,120.91,0,0,0
2024-06-12,125.2,0,0,0
2024-06-13,129.61,0,0,0
2024-06-14,131.88,0,0,0
2024-06-17,130.98,0,0,0
2024-06-18,135.58,0,0,0
2024-06-20,130.78,0,0,0
2024-06-21,126.57,0,1,-1
2024-06-24,118.11,1,0,1
2024-06-25,126.09,0,0,0
2024-06-26,126.4,0,0,0
2024-06-27,123.99,0,0,0
2024-06-28,123.54,0,0,0
2024-07-01,124.3,0,0,0
2024-07-02,122.67,0,0,0
2024-07-03,128.28,0,0,0
2024-07-05,125.83,0,0,0
2024-07-08,128.2,0,0,0
2024-07-09,131.38,0,0,0
2024-07-10,134.91,0,0,0
2024-07-11,127.4,0,0,0
2024-07-12,129.24,0,0,0
2024-07-15,128.44,0,0,0
2024-07-16,126.36,0,1,-1
2024-07-17,117.99,1,0,1
2024-07-18,121.09,0,0,0
2024-07-19,117.93,0,0,0
2024-07-22,123.54,0,1,-1
2024-07-23,122.59,0,0,0
2024-07-24,114.25,1,0,1
2024-07-25,112.28,0,0,0
2024-07-26,113.06,0,0,0
2024-07-29,111.59,0,0,0
2024-07-30,103.73,0,0,0
2024-07-31,117.02,0,1,-1
2024-08-01,109.21,1,0,1
2024-08-02,107.27,0,0,0
2024-08-05,100.45,0,0,0
2024-08-06,104.25,0,0,0
2024-08-07,98.91,0,0,0
2024-08-08,104.97,0,1,-1
2024-08-09,104.75,0,0,0
2024-08-12,109.02,0,0,0
2024-08-13,116.14,0,0,0
2024-08-14,118.08,0,0,0
2024-08-15,122.86,0,0,0
2024-08-16,124.58,0,0,0
2024-08-19,130.0,0,0,0
2024-08-20,127.25,0,0,0
2024-08-21,128.5,0,0,0
2024-08-22,123.74,1,0,1
2024-08-23,129.37,0,0,0
2024-08-26,126.46,0,0,0
2024-08-27,128.3,0,0,0
2024-08-28,125.61,0,0,0
2024-08-29,117.59,0,0,0
2024-08-30,119.37,0,0,0
2024-09-03,108.0,0,1,-1
2024-09-04,106.21,0,0,0
2024-09-05,107.21,0,0,0
2024-09-06,102.83,1,0,1
2024-09-09,106.47,0,0,0
2024-09-10,108.1,0,0,0
2024-09-11,116.91,0,1,-1
2024-09-12,119.14,0,0,0
2024-09-13,119.1,0,0,0
2024-09-16,116.78,0,0,0
2024-09-17,115.59,0,0,0
2024-09-18,113.37,0,0,0
2024-09-19,117.87,0,0,0
2024-09-20,116.0,0,0,0
2024-09-23,116.26,0,0,0
2024-09-24,120.87,0,0,0
2024-09-25,123.51,0,0,0
2024-09-26,124.04,0,0,0
2024-09-27,121.4,0,0,0
2024-09-30,121.44,0,0,0
2024-10-01,117.0,1,0,1
2024-10-02,118.85,0,0,0
2024-10-03,122.85,0,0,0
2024-10-04,124.92,0,0,0
2024-10-07,127.72,0,0,0
2024-10-08,132.89,0,0,0
2024-10-09,132.65,0,0,0
2024-10-10,134.81,0,0,0
2024-10-11,134.8,0,0,0
2024-10-14,138.07,0,0,0
2024-10-15,131.6,0,0,0
2024-10-16,135.72,0,0,0
2024-10-17,136.93,0,0,0
2024-10-18,138.0,0,0,0
2024-10-21,143.71,0,1,-1
2024-10-22,143.59,0,0,0
2024-10-23,139.56,1,0,1
2024-10-24,140.41,0,0,0
2024-10-25,141.54,0,0,0
2024-10-28,140.52,0,0,0
2024-10-29,141.25,0,0,0
2024-10-30,139.335,0,0,0
2024-10-31,132.76,0,0,0
2024-11-01,135.4,0,0,0
2024-11-04,136.05,0,0,0
2024-11-05,139.91,0,0,0
2024-11-06,145.61,0,1,-1
2024-11-07,148.88,0,0,0
2024-11-08,147.63,0,0,0
2024-11-11,145.26,1,0,1
2024-11-12,148.29,0,0,0
2024-11-13,146.27,0,0,0
2024-11-14,146.76,0,0,0
2024-11-15,141.98,0,0,0
2024-11-18,140.15,0,0,0
2024-11-19,147.01,0,1,-1
2024-11-20,145.89,0,0,0
2024-11-21,146.67,0,0,0
2024-11-22,141.95,1,0,1
2024-11-25,136.02,0,0,0
2024-11-26,136.92,0,0,0
2024-11-27,135.34,0,0,0
2024-11-29,138.25,0,0,0
2024-12-02,138.63,0,0,0
2024-12-03,140.26,0,0,0
2024-12-04,145.14,0,1,-1
2024-12-05,145.06,0,0,0
2024-12-06,142.44,1,0,1
2024-12-09,138.81,0,0,0
2024-12-10,135.07,0,0,0
2024-12-11,139.31,0,0,0
2024-12-12,137.34,0,0,0
2024-12-13,134.25,0,0,0
2024-12-16,132.0,0,0,0
2024-12-17,130.39,0,0,0
2024-12-18,128.91,0,0,0
2024-12-19,130.68,0,0,0
2024-12-20,134.7,0,1,-1
2024-12-23,139.67,0,0,0
2024-12-24,140.22,0,0,0
2024-12-26,139.93,0,0,0
2024-12-27,137.01,1,0,1
2024-12-30,137.49,0,0,0
2024-12-31,134.29,0,0,0
2025-01-02,138.31,0,1,-1
2025-01-03,144.47,0,0,0
2025-01-06,149.43,0,0,0
2025-01-07,140.14,1,0,1
2025-01-08,140.11,0,0,0
2025-01-10,135.91,0,0,0
2025-01-13,133.23,0,0,0
2025-01-14,131.76,0,0,0
2025-01-15,136.24,0,1,-1
2025-01-16,133.57,0,0,0
2025-01-17,137.71,0,0,0
2025-01-21,140.83,0,0,0
2025-01-22,147.07,0,0,0
2025-01-23,147.22,0,0,0
2025-01-24,142.62,1,0,1
2025-01-27,118.42,0,0,0
2025-01-28,128.99,0,1,-1
2025-01-29,123.7,1,0,1
2025-01-30,124.65,0,0,0
2025-01-31,120.07,0,0,0
2025-02-03,116.66,0,0,0
2025-02-04,118.65,0,0,0
2025-02-05,124.83,0,0,0
2025-02-06,128.68,0,0,0
2025-02-07,129.84,0,0,0
2025-02-10,133.57,0,0,0
2025-02-11,132.8,0,0,0
2025-02-12,131.14,0,0,0
2025-02-13,135.29,0,0,0
2025-02-14,138.85,0,0,0
2025-02-18,139.4,0,0,0
2025-02-19,139.23,0,0,0
2025-02-20,140.11,0,1,-1
2025-02-21,134.43,1,0,1
2025-02-24,130.28,0,0,0
2025-02-25,126.63,0,0,0
2025-02-26,131.28,0,0,0
2025-02-27,120.15,0,0,0
2025-02-28,124.92,0,0,0
2025-03-03,114.06,0,1,-1
2025-03-04,115.99,0,0,0
2025-03-05,117.3,0,0,0
2025-03-06,110.57,1,0,1
2025-03-07,112.69,0,0,0
2025-03-10,106.98,0,0,0
2025-03-11,108.76,0,0,0
2025-03-12,115.74,0,1,-1
2025-03-13,115.58,0,0,0
2025-03-14,121.67,0,0,0
2025-03-17,119.53,0,0,0
2025-03-18,115.43,1,0,1
2025-03-19,117.52,0,0,0
2025-03-20,118.53,0,0,0
2025-03-21,117.7,0,0,0
2025-03-24,121.41,0,0,0
2025-03-25,120.69,0,0,0
2025-03-26,113.76,0,0,0
2025-03-27,111.43,0,0,0
2025-03-28,109.67,0,0,0
2025-03-31,108.38,0,0,0
2025-04-01,110.15,0,0,0
2025-04-02,110.42,0,0,0
2025-04-03,101.8,0,0,0
2025-04-04,94.31,0,1,-1
2025-04-07,97.64,0,0,0
2025-04-08,96.3,0,0,0
2025-04-09,114.33,0,0,0
2025-04-10,107.57,1,0,1
2025-04-11,110.93,0,0,0
2025-04-14,110.71,0,0,0
2025-04-15,112.2,0,0,0
2025-04-16,104.49,0,0,0
2025-04-17,101.49,0,0,0
2025-04-21,96.91,0,0,0
2025-04-22,98.89,0,0,0
2025-04-23,102.71,0,0,0
2025-04-24,106.43,0,0,0
2025-04-25,111.01,0,0,0
2025-04-28,108.73,0,0,0
2025-04-29,109.02,0,0,0
2025-04-30,108.92,0,0,0
2025-05-01,111.61,0,0,0
2025-05-02,114.5,0,1,-1
2025-05-05,113.82,0,0,0
2025-05-06,113.54,0,0,0
2025-05-07,117.06,0,0,0
2025-05-08,117.37,0,0,0
2025-05-09,116.65,0,0,0
2025-05-12,123.0,0,0,0
2025-05-13,129.93,0,0,0
2025-05-14,135.34,0,0,0
2025-05-15,134.83,0,0,0
2025-05-16,135.4,0,0,0
2025-05-19,135.57,0,0,0
2025-05-20,134.38,0,0,0
2025-05-21,131.8,1,0,1
2025-05-22,132.83,0,0,0
2025-05-23,131.29,0,0,0
2025-05-27,135.5,0,0,0
2025-05-28,134.81,0,0,0
2025-05-29,139.19,0,0,0
2025-05-30,135.13,0,0,0
2025-06-02,137.38,0,0,0
2025-06-03,141.22,0,0,0
2025-06-04,141.92,0,0,0
2025-06-05,139.99,0,0,0
2025-06-06,141.72,0,0,0
2025-06-09,142.63,0,0,0
2025-06-10,143.96,0,0,0
2025-06-11,142.83,0,0,0
2025-06-12,145.0,0,1,-1
2025-06-13,141.97,1,0,1
2025-06-16,144.69,0,0,0
2025-06-17,144.12,0,0,0
2025-06-18,145.48,0,0,0
2025-06-20,143.85,0,0,0
2025-06-23,144.17,0,0,0
2025-06-24,147.9,0,0,0
2025-06-25,154.31,0,1,-1
2025-06-26,155.02,0,0,0
2025-06-27,157.75,0,0,0
2025-06-30,157.99,0,0,0
2025-07-01,153.3,1,0,1
2025-07-02,157.25,0,0,0
2025-07-03,159.34,0,0,0
2025-07-07,158.24,0,0,0
2025-07-08,160.0,0,0,0
2025-07-09,162.88,0,0,0
2025-07-10,164.1,0,0,0
2025-07-11,164.92,0,0,0
2025-07-14,164.07,0,0,0
2025-07-15,170.7,0,1,-1
2025-07-16,171.37,0,0,0
2025-07-17,173.0,0,0,0
2025-07-18,172.41,0,0,0
2025-07-21,171.38,1,0,1
2025-07-22,167.03,0,0,0
2025-07-23,170.78,0,0,0
2025-07-24,173.74,0,0,0
2025-07-25,173.5,0,0,0
2025-07-28,176.75,0,0,0
2025-07-29,175.51,0,0,0
2025-07-30,179.27,0,0,0
2025-07-31,177.87,0,0,0
2025-08-01,173.72,0,0,0
2025-08-04,180.0,0,1,-1
2025-08-05,178.26,1,0,1
2025-08-06,179.42,0,0,0
2025-08-07,180.77,0,0,0
2025-08-08,182.7,0,0,0
2025-08-11,182.06,0,0,0
2025-08-12,183.16,0,0,0
2025-08-13,181.59,0,0,0
2025-08-14,182.02,0,0,0
2025-08-15,180.45,0,0,0
2025-08-18,182.01,0,0,0
2025-08-19,175.64,0,0,0
2025-08-20,175.4,0,0,0
2025-08-21,174.98,0,0,0
2025-08-22,177.99,0,0,0
2025-08-25,179.81,0,0,0
2025-08-26,181.77,0,1,-1
2025-08-27,181.6,0,0,0
2025-08-28,180.17,0,0,0
2025-08-29,174.18,1,0,1
2025-09-02,170.78,0,0,0
2025-09-03,170.62,0,0,0
2025-09-04,171.66,0,0,0
2025-09-05,167.02,0,0,0
2025-09-08,168.31,0,0,0
2025-09-09,170.76,0,0,0
2025-09-10,177.33,0,1,-1
2025-09-11,177.17,0,0,0
2025-09-12,177.82,0,0,0
2025-09-15,177.75,0,0,0
2025-09-16,174.88,1,0,1
2025-09-17,170.29,0,0,0
2025-09-18,176.24,0,1,-1
2025-09-19,176.67,0,0,0
2025-09-22,183.61,0,0,0
2025-09-23,178.43,1,0,1
2025-09-24,176.97,0,0,0
2025-09-25,177.69,0,0,0
2025-09-26,178.19,0,0,0
2025-09-29,181.85,0,0,0
2025-09-30,186.58,0,0,0
2025-10-01,187.24,0,0,0
2025-10-02,188.89,0,0,0
2025-10-03,187.62,0,0,0
2025-10-06,185.54,0,0,0
2025-10-07,185.04,0,0,0
2025-10-08,189.11,0,0,0
2025-10-09,192.57,0,0,0
2025-10-10,183.16,0,0,0
2025-10-13,188.32,0,0,0
2025-10-14,180.03,0,1,-1
2025-10-15,179.83,0,0,0
2025-10-16,181.81,0,0,0
2025-10-17,183.22,0,0,0
2025-10-20,182.64,0,0,0
2025-10-21,181.16,0,0,0
2025-10-22,180.28,0,0,0
2025-10-23,182.16,0,0,0
2025-10-24,186.26,0,0,0
2025-10-27,191.49,0,0,0
2025-10-28,201.03,0,0,0
2025-10-29,207.04,0,0,0
2025-10-30,202.89,1,0,1
2025-10-31,202.49,0,0,0
2025-11-03,206.88,0,0,0
2025-11-04,198.69,0,0,0
2025-11-05,195.21,0,0,0
2025-11-06,188.08,0,0,0
2025-11-07,188.15,0,0,0
2025-11-10,199.05,0,1,-1
2025-11-11,193.16,1,0,1
2025-11-12,193.8,0,0,0
2025-11-13,186.86,0,0,0
2025-11-14,190.17,0,0,0
2025-11-17,186.6,0,0,0
2025-11-18,181.36,0,0,0
2025-11-19,186.52,0,0,0
2025-11-20,180.64,0,0,0
2025-11-21,178.88,0,0,0
2025-11-24,182.55,0,0,0
2025-11-25,177.82,0,0,0
2025-11-26,180.26,0,0,0
2025-11-28,177.0,0,0,0
2025-12-01,179.92,0,0,0
2025-12-02,181.46,0,0,0
2025-12-03,179.59,0,1,-1
2025-12-04,183.38,0,0,0
2025-12-05,182.41,0,0,0
2025-12-08,185.55,0,0,0
2025-12-09,184.97,0,0,0
2025-12-10,183.78,0,0,0
2025-12-11,180.93,0,0,0
2025-12-12,175.02,1,0,1
2025-12-15,176.29,0,0,0
2025-12-16,177.72,0,0,0
2025-12-17,170.94,0,0,0
2025-12-18,174.14,0,0,0
2025-12-19,180.99,0,1,-1
2025-12-22,183.69,0,0,0
2025-12-23,189.21,0,0,0
2025-12-24,188.61,0,0,0
2025-12-26,190.53,0,0,0
2025-12-29,188.22,0,0,0
2025-12-30,187.54,0,0,0
2025-12-31,186.5,0,0,0
2026-01-02,188.85,0,0,0
2026-01-05,188.12,0,0,0
2026-01-06,187.24,0,0,0
2026-01-07,189.11,0,0,0
2026-01-08,185.04,1,0,1
2026-01-09,184.86,0,0,0
2026-01-12,184.94,0,0,0
2026-01-13,185.81,0,0,0
2026-01-14,183.14,0,0,0
2026-01-15,187.05,0,0,0
2026-01-16,186.23,0,1,-1
